umap_1	umap_2
Cell0	-6.85183681015174	4.67380603711804
Cell1	-7.2935868597428	3.9327655689021
Cell2	-6.96407378677527	3.02273937623699
Cell3	-7.49163497451941	4.27455886762341
Cell4	-7.86237443451087	4.44201382558544
Cell5	-6.88200725082556	4.85977181356152
Cell6	-8.44165624145667	4.50660451810559
Cell7	-8.11683953766028	3.24616536061962
Cell8	-6.43499864105384	4.25484188955029
Cell9	-7.44365943435828	5.21811207692822
Cell10	-7.41286862854163	3.73340019147595
Cell11	-5.71746266845862	5.26674922864636
Cell12	-6.62753165725867	3.56238755147656
Cell13	-5.57190288070838	4.22557410161694
Cell14	-6.76692784790198	3.11918577115734
Cell15	-7.03726209167639	3.09485086362561
Cell16	-7.0411659574906	5.56215247075756
Cell17	-7.57560742859046	2.96475216310223
Cell18	-6.67058433059851	3.51848324697216
Cell19	-7.12491954330603	3.03135355870922
Cell20	-6.77039588455359	3.25297459523876
Cell21	-6.13916600708167	5.79011305730542
Cell22	-7.67591870788733	4.78486069600781
Cell23	-5.76583732132117	3.01732393663128
Cell24	-7.49771512512366	4.2494295493861
Cell25	-7.02408660415808	5.75891026418408
Cell26	-6.80711282257239	3.27368136804303
Cell27	-7.60974944595496	3.55799969594677
Cell28	-6.52462209228675	5.07910117070874
Cell29	-6.07179845337073	3.21517297189434
Cell30	-8.07255614761512	4.46351322095593
Cell31	-8.52809442047278	4.35587986867626
Cell32	-5.83183206085364	3.5676999942561
Cell33	-5.84126580719153	5.43847307126721
Cell34	-7.42180646423499	5.33641656797131
Cell35	-6.834253439943	4.39492663305004
Cell36	-6.82448018554846	4.27641352575024
Cell37	-5.97051299575965	5.55585249822338
Cell38	-5.89379323486487	5.40420397680004
Cell39	-6.87404550079505	4.01212104718884
Cell40	-8.0224801397721	3.06531437795361
Cell41	-7.96562064651648	5.64258583944043
Cell42	-6.91965831283728	5.27869328420361
Cell43	-7.333126196901	2.78971632878979
Cell44	-7.16203607086341	2.56311907928189
Cell45	-6.62429536346595	3.16751417081555
Cell46	-7.43218816284339	3.93224891584118
Cell47	-5.84853280548255	3.42530592839917
Cell48	-6.02207149032752	3.49923154275616
Cell49	-7.09196723465125	5.25217636983593
Cell50	-8.42636788849036	4.47446950833996
Cell51	-6.98782742981116	4.80632051389416
Cell52	-6.91072906021277	3.70546516339978
Cell53	-7.34630216125647	4.64372190396984
Cell54	-6.94760383133094	4.23784574430188
Cell55	-6.23290933136145	3.91698273580273
Cell56	-7.53393329147498	4.77836951177319
Cell57	-7.66263402465979	5.16289338033398
Cell58	-6.87841619018714	3.1323368207713
Cell59	-7.43485797409217	4.3950811282893
Cell60	-7.3212968206803	4.39427527349194
Cell61	-8.02956307892005	5.38503583829602
Cell62	-6.26232017044226	3.72614845197399
Cell63	-6.43541062835852	3.05916723172863
Cell64	-6.58869231704871	4.89513811032971
Cell65	-8.82583726410071	3.74809702794751
Cell66	-5.7891398764054	5.12396963994702
Cell67	-6.07036221985022	4.16834172170361
Cell68	-5.50997937683264	4.28425678174694
Cell69	-7.97761882309119	3.59003838460644
Cell70	-8.4280558920304	5.18632468145092
Cell71	-5.86671317581336	4.61943706433972
Cell72	-8.72099889282386	4.06584342878064
Cell73	-8.16995824340979	5.33973010938366
Cell74	-7.46737302307288	5.25816210668286
Cell75	-6.68087304596106	5.1883042709132
Cell76	-8.81571019653479	4.43527468602856
Cell77	-6.71348060135047	4.85986598890026
Cell78	-6.34431422714392	4.95345982473095
Cell79	-6.29593623642127	5.22608860891064
Cell80	-6.11673606399695	4.69630559842785
Cell81	-7.85466350082556	4.33577808301647
Cell82	-7.19508422378699	5.08208307187756
Cell83	-6.88233102325598	4.88360556523999
Cell84	-7.17675269607703	2.40953918855389
Cell85	-8.47629083160559	4.17760714452465
Cell86	-6.42752088073889	5.67434080999096
Cell87	-7.13948405746619	3.65766319196423
Cell88	-7.16965068344275	2.65106281202038
Cell89	-7.09400094513098	4.22637018125256
Cell90	-6.8296762800614	5.01382049482067
Cell91	-7.02194655899207	3.04680808942517
Cell92	-7.220004687349	3.01744362275799
Cell93	-7.69750989441077	3.94299062650402
Cell94	-6.65209449295203	5.84770783345898
Cell95	-6.44772017959754	3.12192734639843
Cell96	-5.8072267866532	5.16837963025769
Cell97	-6.66072381500403	5.47632249753674
Cell98	-6.232446799318	4.65368875425061
Cell99	-7.717159400026	3.91593130986889
Cell100	-6.80446542267005	4.08486637036999
Cell101	-7.33392871383826	3.44493040006359
Cell102	-8.54806054596106	3.36899384420117
Cell103	-6.85445512298743	2.49535527389248
Cell104	-6.59898246292273	2.57706781785687
Cell105	-7.23774302963416	2.54336383502682
Cell106	-6.2704516745011	3.94101675908764
Cell107	-6.3608156538407	4.53001650731762
Cell108	-8.6117135382096	3.25956317346295
Cell109	-8.5060645437638	4.40794714849194
Cell110	-6.0762001371781	3.21311923425396
Cell111	-8.40154279235999	3.7478483573695
Cell112	-6.94130147461096	5.33987983625134
Cell113	-7.15873921875159	4.9159289256831
Cell114	-6.17785800460974	4.59646495740612
Cell115	-6.99294436935584	4.2739931003352
Cell116	-7.13299001220862	3.69324501912793
Cell117	-6.28890336517493	3.15533574979504
Cell118	-8.76014340881507	4.13077696721752
Cell119	-6.63882077697913	4.60756644170483
Cell120	-6.14049972061316	3.5481961623927
Cell121	-7.54801429275672	4.08927258413037
Cell122	-6.99241794113318	2.47005685727795
Cell123	-8.25564969543616	4.55560430448254
Cell124	-6.04151404861609	3.97884472768505
Cell125	-6.62442697052161	3.31733926694592
Cell126	-8.42352450851599	3.49607023160656
Cell127	-6.52541745666663	2.98028429906567
Cell128	-6.49387563232581	3.39780708711346
Cell129	-5.74862445358435	3.70533069532116
Cell130	-8.5473071432511	4.52293452184399
Cell131	-6.20624364380042	5.42754253308972
Cell132	-8.53380502227942	4.32455500524243
Cell133	-8.39068330291907	2.73315986554821
Cell134	-8.49688733581702	3.19074758451184
Cell135	-6.36498034958045	4.21793898503979
Cell136	-7.54897655014197	5.43724855344494
Cell137	-7.36234963897864	2.81437429349621
Cell138	-8.51341928009192	3.2607125894328
Cell139	-6.14818490509192	4.74948867719372
Cell140	-7.56430400375525	3.83690699498852
Cell141	-8.34301198486487	5.40770253102978
Cell142	-7.71919501785437	2.84635170858105
Cell143	-8.38505328659217	3.90029009740551
Cell144	-5.78187669281165	3.83225902478894
Cell145	-8.04996121887366	4.36829170148571
Cell146	-6.80365336898963	2.95957955281933
Cell147	-6.26689589981238	3.85843523900708
Cell148	-7.97478116516272	4.29113563459118
Cell149	-8.34467900756995	3.16090437333783
Cell150	-6.4023572302262	5.38578566472729
Cell151	-5.88135684494178	2.99146469991406
Cell152	-8.17144502166907	4.12545379560192
Cell153	-6.06816400055091	4.15098866384228
Cell154	-7.81199706558387	5.00567754667004
Cell155	-7.4309684133927	2.96367236535748
Cell156	-5.70980990890662	4.03189929883679
Cell157	-7.05434144500891	4.64043053548535
Cell158	-8.35327542785804	4.03479894559582
Cell159	-7.35576499466101	5.60501250188549
Cell160	-6.04337132934729	3.09315725724896
Cell161	-6.26533473495642	5.81656226079663
Cell162	-7.57858623031775	2.69418105046948
Cell163	-6.68275130752722	4.41290720861157
Cell164	-7.43640817169348	5.52783140104016
Cell165	-6.45964492324988	3.38690313260754
Cell166	-6.60906280044715	5.75317248265942
Cell167	-6.11962426666419	3.42582723062237
Cell168	-6.15590489868323	5.51665004651745
Cell169	-8.19004453186194	4.81722816388806
Cell170	-8.35923398498694	5.14034065168103
Cell171	-6.82891667846839	5.02023323934277
Cell172	-7.42952836517493	2.71935745637616
Cell173	-7.52135814193885	2.76764365594586
Cell174	-7.67756236557166	3.26470908086499
Cell175	-7.76281274322669	4.59635266225537
Cell176	-6.65706599716346	5.65046128194531
Cell177	-7.94434035782019	4.29434021871289
Cell178	-6.6084381437699	3.96921500127514
Cell179	-6.58119071487586	5.79458006780346
Cell180	-6.98864854339759	2.75453576009472
Cell181	-7.99926627639929	5.47611841123303
Cell182	-6.91669333938758	3.16085239808758
Cell183	-7.32024920944373	3.59303935926159
Cell184	-5.91423047546546	4.21971544187268
Cell185	-5.95922053817908	3.89788898389538
Cell186	-6.89817250732581	3.21489211480816
Cell187	-7.46463883880774	3.79256113927563
Cell188	-7.85373176101844	3.16420253675183
Cell189	-7.54884589676062	3.41346630017956
Cell190	-7.28053391937415	2.44434263866146
Cell191	-7.33404553894202	3.73205741803845
Cell192	-7.16577399734656	2.98797639768322
Cell193	-6.11700976852576	4.8898275748988
Cell194	-6.35421908859412	5.33920821111401
Cell195	-8.64359677795569	4.63792022626599
Cell196	-7.39980758194129	3.23745223443707
Cell197	-6.59449542526404	4.67531069677075
Cell198	-7.76115525726477	2.98715814511975
Cell199	-5.83157599929969	3.43555613916119
Cell200	-8.51645196441809	4.55280050199231
Cell201	-6.41926206115882	3.82101711194714
Cell202	-5.99660600189368	5.3539594070216
Cell203	-7.89703382019202	3.05028757016857
Cell204	-8.19314158920447	4.16044911306103
Cell205	-8.46097291473548	5.22434600751599
Cell206	-7.23340428833167	4.94565566938122
Cell207	-6.00512231353919	5.09892162244519
Cell208	-7.60967315200965	3.29744109075268
Cell209	-6.98119367126624	3.09177419107159
Cell210	-7.63506949905554	4.72253092687329
Cell211	-7.78311217788855	5.15599473874768
Cell212	-7.43162692550818	5.10516437452038
Cell213	-8.48879827026526	4.00229557912548
Cell214	-7.80094827179114	3.88146623532971
Cell215	-7.02563251022498	5.66892775457104
Cell216	-6.24734700683753	4.35190066259106
Cell217	-7.63956464294593	3.94133051793774
Cell218	-6.77910674575965	5.25066479604443
Cell219	-5.75017083648841	3.95249160688122
Cell220	-7.95539773468177	3.87504371564587
Cell221	-5.88172544006507	4.8015068427821
Cell222	-6.51539052490393	3.62213643949231
Cell223	-6.34921992782752	2.70388170640667
Cell224	-6.7857800817887	2.82722553174694
Cell225	-6.61677897934119	5.76888617437085
Cell226	-5.584178099672	4.8027013198634
Cell227	-8.43985665802161	4.26164540212353
Cell228	-6.05828631881873	3.72555240552624
Cell229	-6.9614712095658	3.59438499372204
Cell230	-6.92023004058997	3.4263733283778
Cell231	-7.13444436554114	3.33860930364331
Cell232	-7.78051103119055	3.93824991147717
Cell233	-7.79913676742713	2.71551236074169
Cell234	-7.73309339050452	4.48498495977124
Cell235	-6.62886823181311	3.64456375997265
Cell236	-7.69617570404212	5.01131066243847
Cell237	-8.38737739090125	4.43054922979077
Cell238	-7.91677583221595	4.22661074559887
Cell239	-7.55768693451087	4.59778675000866
Cell240	-6.04577744964759	3.68359168927868
Cell241	-7.60568107132117	3.43152102391918
Cell242	-8.34582818512122	3.40409561555584
Cell243	-8.17385161880652	4.94822534482678
Cell244	-7.37996877197425	5.5594995872279
Cell245	-6.92123807434241	4.80124601285656
Cell246	-8.27397311691443	2.97961923043927
Cell247	-7.02463019851844	3.63032969396313
Cell248	-7.93385518554846	2.54300853173931
Cell249	-7.79322541717688	4.3168569461604
Cell250	-6.50196565155188	4.53942808072766
Cell251	-8.15419639114539	3.05072673719128
Cell252	-7.32965434555213	4.4398592368861
Cell253	-6.23916924957434	3.97782191198071
Cell254	-7.49205173019568	4.57688316266735
Cell255	-6.3316899633805	3.97035297315319
Cell256	-6.94594729904334	3.63282545964917
Cell257	-7.09274209503333	3.64896091382702
Cell258	-6.36276687149207	3.13756700914105
Cell259	-6.84238494400183	3.75564392965039
Cell260	-7.67419684890906	3.41650649469097
Cell261	-8.12054980758826	3.22260972421368
Cell262	-7.54282201294104	3.80692848127087
Cell263	-6.80598128799597	5.86020478170117
Cell264	-6.20586026672522	2.91061409871777
Cell265	-5.48093808654944	4.15802773397168
Cell266	-5.77389825348059	3.5790890113612
Cell267	-5.80488790039221	4.11915882985791
Cell268	-8.40224708084265	4.93733152311047
Cell269	-7.98492492202918	3.69155844609936
Cell270	-7.37001098159949	3.13922413747509
Cell271	-8.01212848190467	3.0861919776698
Cell272	-6.40879310135047	4.49217566411694
Cell273	-8.38313163284461	3.90232881467541
Cell274	-7.14840997223059	3.74933394353588
Cell275	-6.45697129730384	3.65544375341137
Cell276	-8.07857001785437	5.40503748815258
Cell277	-7.30473149780432	3.10154494207104
Cell278	-6.27035487655799	5.45132883947094
Cell279	-5.82245696548621	4.19615062635144
Cell280	-7.48805440429846	2.39993878762921
Cell281	-7.24254430298011	5.68502577703198
Cell282	-5.9855715132157	3.82849439542492
Cell283	-6.00934232238929	4.47137173574169
Cell284	-5.67138017181555	4.89689906995495
Cell285	-6.19531310562293	4.58064016263684
Cell286	-8.23431695465247	3.87653979222973
Cell287	-7.7874308920304	5.6831351176997
Cell288	-6.79641355041663	5.54438361089428
Cell289	-8.11867059234778	4.89246949117382
Cell290	-7.6482592916886	3.6858685867091
Cell291	-8.33712686065833	4.58380421560009
Cell292	-6.97095883850257	4.07562502782543
Cell293	-8.23036302093665	4.90931686322888
Cell294	-6.92895520691077	3.48177453439434
Cell295	-6.1402870512406	4.38235815923413
Cell296	-6.94358314041297	4.47405322950085
Cell297	-8.21475327972571	4.75638541143139
Cell298	-7.02370608810584	3.18233450811108
Cell299	-7.44468177322547	4.89808186452587
Cell300	-6.71682942871253	5.45477136533459
Cell301	-7.1853915548722	3.70484575193127
Cell302	-8.84921658996741	3.91198548238476
Cell303	-8.07172978881995	2.97562774579724
Cell304	-8.17877400879065	4.98932560842236
Cell305	-7.63248647216956	3.01735361974438
Cell306	-6.65012372497718	4.36928304593762
Cell307	-7.84886849884192	3.08784207265576
Cell308	-6.19660247329871	4.90070160787304
Cell309	-7.8990031576554	4.76745590131481
Cell310	-7.27434361938636	4.16572221677502
Cell311	-7.90737737182776	5.50020011823376
Cell312	-7.98739732269446	3.23052617471417
Cell313	-6.8222676611344	4.12271126668652
Cell314	-6.05325807098548	3.38375398080548
Cell315	-7.91970075134436	5.55001481931408
Cell316	-6.91871608261267	2.63399049203595
Cell317	-7.51241744522254	5.82197770040234
Cell318	-7.95440686706702	3.11829396646221
Cell319	-5.95715583328406	5.35518106382092
Cell320	-6.97979796890418	2.72446366708477
Cell321	-6.52869094375769	5.06596836011608
Cell322	-7.02984345916907	3.24353643815716
Cell323	-7.40941871170203	3.99376710813244
Cell324	-5.7326270437638	3.27737137239178
Cell325	-7.08870280746619	2.54551377456387
Cell326	-5.85458816055457	4.30946835439404
Cell327	-5.96284926895301	5.31118711393078
Cell328	-7.79026282791297	2.66256960790356
Cell329	-6.91154874328772	2.6366457597514
Cell330	-7.09513724807898	5.54934176366528
Cell331	-7.90775788788001	4.13807329099377
Cell332	-7.80289329055945	3.12581321160992
Cell333	-8.30664027694861	3.40937730233868
Cell334	-8.27016175750891	4.15936931531628
Cell335	-8.8094149923722	4.28691181104382
Cell336	-7.70892442230384	4.96890839498242
Cell337	-6.1492210722367	5.34294566076001
Cell338	-6.37802518371741	2.90677269857128
Cell339	-5.96693147186438	4.61136444966992
Cell340	-8.18243516449134	2.76333185594281
Cell341	-6.73374904159705	3.58492835920056
Cell342	-6.85426915649573	2.93177207868298
Cell343	-7.88646043304602	3.76833232801159
Cell344	-6.12959874633948	2.72559400956829
Cell345	-8.33195127014319	4.89182790677746
Cell346	-7.75718081955115	5.17139824788769
Cell347	-7.66157735351721	5.09487637441357
Cell348	-7.16481269363562	4.00396379392346
Cell349	-7.1909781790177	5.69055422704418
Cell350	-7.58535445694129	2.36562028091152
Cell351	-7.34836352829138	2.62666269700726
Cell352	-6.72969211105506	2.79539033334454
Cell353	-6.204614768068	5.46485027234753
Cell354	-8.79135049347083	4.28243860166272
Cell355	-8.55064118866126	3.42930921476086
Cell356	-6.65793241027991	5.2936623946925
Cell357	-8.43636144165198	4.8915525333186
Cell358	-6.8568192816178	3.72122534673413
Cell359	-7.88518775467078	5.30586704175671
Cell360	-5.9942385054032	4.48753365438183
Cell361	-6.40822757248084	4.26395400922497
Cell362	-8.01192248825232	3.01051410596569
Cell363	-6.18732036117713	5.59344490926464
Cell364	-8.60027230743567	4.12029298703869
Cell365	-5.65152657989661	4.46482499997814
Cell366	-6.12426198486487	4.18905242841442
Cell367	-6.03711617950598	4.9104402915736
Cell368	-7.56502593521277	5.6191702739497
Cell369	-8.69938672546546	3.47330471437176
Cell370	-6.35441936020056	4.77680715482434
Cell371	-7.21068871978919	2.98714288633068
Cell372	-7.21757853988806	4.30165132444104
Cell373	-7.10919059280554	5.54473503987988
Cell374	-8.10126603607337	5.21466978948315
Cell375	-7.65552485946814	4.8536251441737
Cell376	-7.79289544586341	5.07197078626355
Cell377	-8.64549172882239	4.13400753896435
Cell378	-7.41050780777137	3.90469774167736
Cell379	-7.50015223983924	3.27161594789227
Cell380	-6.44656289581458	2.90565427701672
Cell381	-6.59969485763709	4.90404924314221
Cell382	-7.21436990265052	5.14274772565564
Cell383	-6.27971042160193	5.24584349553784
Cell384	-6.52420772079627	3.78574284475048
Cell385	-5.94286073211829	2.93186220090588
Cell386	-7.48956073288123	2.47937729518612
Cell387	-6.86983073715369	5.51396140020092
Cell388	-6.95767606262366	4.72015150945385
Cell389	-8.28905499939124	3.72149189870556
Cell390	-8.38175643448035	3.05502077501019
Cell391	-7.37962544922034	4.22217234533032
Cell392	-8.18270553116004	3.69994768064221
Cell393	-5.6478725767533	3.81717738073071
Cell394	-5.8318702078263	3.43770774762829
Cell395	-7.04564584259192	3.60979565541943
Cell396	-6.87438357834021	2.6809196130534
Cell397	-6.5533057547013	4.40499409597119
Cell398	-5.8540903425614	4.50515421788891
Cell399	-6.20060027603308	3.37043425004681
Cell400	-7.74908269409339	3.3518432037135
Cell401	-8.06832278732459	3.80787357251843
Cell402	-5.79381097320716	3.60304769437512
Cell403	-6.85112298492591	4.22349342267712
Cell404	-7.02506555084388	4.04068883817395
Cell405	-6.73811877731482	5.72057923238476
Cell406	-6.92800630096595	3.55934831063946
Cell407	-7.55540812973181	5.16104992788037
Cell408	-8.16441501144568	4.75238927762707
Cell409	-6.35074246887366	4.02007945935925
Cell410	-6.79140199188391	4.77461298864086
Cell411	-6.84330571655432	3.93128951947888
Cell412	-7.27223790649573	5.12803777616223
Cell413	-7.19381536010901	4.53165849607189
Cell414	-8.53241170410315	4.32937559049328
Cell415	-8.68733800415198	4.27372797887524
Cell416	-7.75193274978797	3.4986858026286
Cell417	-6.83851016525428	5.03459366719921
Cell418	-8.21594298843543	4.26940473478039
Cell419	-6.56947387222449	3.7561274425288
Cell420	-6.94864953521888	5.77047070424755
Cell421	-7.45456946853797	4.39921769063671
Cell422	-7.22337211136023	2.29989084165295
Cell423	-6.46229661468665	5.52738984983166
Cell424	-7.9154597616593	4.96819528501232
Cell425	-5.81489051345984	3.51166674058636
Cell426	-6.42283071045081	4.28283652227124
Cell427	-8.08629001144568	3.92572840612133
Cell428	-7.13206113342444	4.89999898832043
Cell429	-7.61453403000037	2.98356493871411
Cell430	-7.85925448898474	5.38931211393078
Cell431	-6.5638972616593	3.28333922784527
Cell432	-7.5663501120011	4.09088715474804
Cell433	-8.59104169372718	3.42459317605694
Cell434	-7.52827847961585	4.14496072690686
Cell435	-7.59114421371619	3.50896796148022
Cell436	-7.38291228775183	5.69519289891918
Cell437	-6.54429448608557	4.90895565908154
Cell438	-8.62242330078284	3.49089464109143
Cell439	-6.88871348861853	4.58797248761853
Cell440	-7.80396140579383	4.10024222295483
Cell441	-7.40039456848304	2.89670773904522
Cell442	-7.4059349394242	5.0404132262965
Cell443	-7.9943195677201	4.96529587667187
Cell444	-6.90345538620154	5.91829880635937
Cell445	-7.97651589874427	3.45532986085614
Cell446	-7.99855531219641	3.18227502267559
Cell447	-7.83282435897986	5.41525396268566
Cell448	-6.83083213333289	4.56817611615856
Cell449	-7.77982009414832	3.99138530652722
Cell450	-8.43085683349768	3.81272300641735
Cell451	-6.43537486557166	5.63666161458691
Cell452	-7.5743223524491	3.42735179822644
Cell453	-8.03017581466834	3.86154421727856
Cell454	-7.04616321090857	2.55449768464764
Cell455	-7.17453111175696	5.26195749204357
Cell456	-8.25039924148719	3.772957171609
Cell457	-8.22982324127356	4.75502404134472
Cell458	-6.67996800903479	3.74824127118786
Cell459	-7.38456357483069	5.17244585912426
Cell460	-5.98770392898719	4.38362130086621
Cell461	-7.62631524566809	3.31985351007183
Cell462	-8.76546014312903	4.16050108831127
Cell463	-7.31170667175452	4.78546103398999
Cell464	-8.73719991211096	3.82759746473034
Cell465	-7.30232299331824	3.86576565664013
Cell466	-6.75266517166297	3.66058072011669
Cell467	-7.38903296951453	5.69234665792187
Cell468	-8.11123860840003	4.06212099950512
Cell469	-6.72981561187903	3.2476236478587
Cell470	-5.90621579651038	4.15654572408398
Cell471	-6.16088307861487	5.04544767301281
Cell472	-8.09348882202307	3.78615268628796
Cell473	-7.93987477783362	4.18315919797619
Cell474	-6.37675822738806	4.28597411077221
Cell475	-7.2819377279679	3.33247658174237
Cell476	-7.60914052490393	4.24737676542004
Cell477	-6.18455708984534	4.49398740689953
Cell478	-7.71801866058509	4.42335542600354
Cell479	-7.14905608657996	3.81177171628674
Cell480	-5.77625812057654	4.06474789540966
Cell481	-6.2050334310929	3.20730837743481
Cell482	-7.54723466400305	4.08225521009167
Cell483	-8.1331864691178	2.88449283998211
Cell484	-7.20043004516761	4.92455991666516
Cell485	-8.08180774215857	3.17017933290203
Cell486	-7.54724181656043	4.48514660756787
Cell487	-7.17471326355139	3.97874769132336
Cell488	-6.3529244757096	3.25918790261944
Cell489	-8.43662942413489	3.6932247535487
Cell490	-7.43176377777259	5.67722281377514
Cell491	-6.59549582962195	3.57834156911572
Cell492	-6.36121619705359	4.94164856832226
Cell493	-6.83103860382239	3.73963269155224
Cell494	-7.15991176132361	5.38721856038769
Cell495	-6.05903399948279	3.27411314408978
Cell496	-6.55146373275916	3.57469543378552
Cell497	-8.22961486343543	4.87821015279492
Cell498	-6.28672374252478	4.21127590100964
Cell499	-6.24504245285193	3.14658960263928
Cell500	-3.2151116228501	-8.48179761011402
Cell501	-3.54004515175025	-8.12112752039234
Cell502	-2.45830811027686	-7.68308011133472
Cell503	-1.39976120952765	-6.91235676843921
Cell504	-3.36286843780677	-6.72367325861255
Cell505	-1.83326662544409	-6.12449446756641
Cell506	-1.35443670515219	-6.62391511041919
Cell507	-2.64050735000769	-6.04249421198169
Cell508	-2.83283890251319	-5.55443945963184
Cell509	-1.26457334522406	-6.83179894525806
Cell510	-3.79298437599341	-5.56291571695606
Cell511	-2.79054416183631	-8.15084878046314
Cell512	-2.50778568748633	-6.95446053583423
Cell513	-4.58722699646155	-6.61619893152515
Cell514	-2.52604735855261	-7.32986298639576
Cell515	-2.3699584103028	-8.61032048303882
Cell516	-1.27534277204672	-7.49521199304859
Cell517	-2.22319806579749	-6.01213112909595
Cell518	-3.18132937912146	-5.09862223703663
Cell519	-2.69172562126319	-7.98627129633228
Cell520	-3.32406891349951	-5.59230938989917
Cell521	-2.01073385242621	-5.92813769418995
Cell522	-1.11210967067877	-6.78101483423511
Cell523	-2.05719305042426	-8.46327725488941
Cell524	-2.72716368202368	-8.14660016138355
Cell525	-3.16055453781287	-7.48801461298267
Cell526	-1.92124808792273	-6.37529793817798
Cell527	-1.99061239723365	-8.48549977381031
Cell528	-3.48187006477515	-8.25534573633472
Cell529	-1.24821443323294	-7.64588967401783
Cell530	-2.13910008434455	-5.94573680002491
Cell531	-3.21192158226172	-7.27823010523121
Cell532	-2.82148016456763	-7.76619473535816
Cell533	-3.04248465065161	-8.28715935785572
Cell534	-2.99620402816931	-5.90257016260425
Cell535	-1.44866205219428	-6.47929898340503
Cell536	-1.3832401132981	-6.11986485559742
Cell537	-3.41800321106116	-6.10081139642994
Cell538	-3.86840046409766	-6.91261426050464
Cell539	-4.04288233284156	-6.78782025415699
Cell540	-1.99341917995612	-8.64114895899097
Cell541	-3.23397363189856	-7.60611573297779
Cell542	-4.00774944786231	-6.07086411554615
Cell543	-3.3343161440293	-6.12703887064258
Cell544	-2.8594421244065	-6.53938141901294
Cell545	-2.02144087318579	-6.87437954981128
Cell546	-1.12127579216162	-6.87334290582935
Cell547	-2.49884379867713	-5.76247826654712
Cell548	-1.71362746719519	-6.41764298517505
Cell549	-3.83333004478614	-8.44779244501392
Cell550	-2.50021041397254	-6.38603106577198
Cell551	-2.92759407524268	-6.34091416437427
Cell552	-1.49775517944495	-7.25030938226978
Cell553	-2.31687820915381	-8.47736970026294
Cell554	-2.26317895416419	-8.01462594110767
Cell555	-3.28143037323157	-7.24243489343921
Cell556	-2.15010894302527	-6.21212807733814
Cell557	-3.13488782409827	-6.21629849512378
Cell558	-4.11229599479834	-7.22127572138111
Cell559	-3.33856619362036	-6.95947209436695
Cell560	-3.43586672310034	-6.86115780908863
Cell561	-2.98107374672095	-8.00697461206714
Cell562	-1.50458992485205	-7.23254719812671
Cell563	-3.03586042884986	-8.1315712078313
Cell564	-2.89350331787268	-5.98522082407276
Cell565	-3.64162887100379	-6.47347966272632
Cell566	-2.36045361522834	-6.94470826227466
Cell567	-2.69841755394141	-7.32893029291431
Cell568	-4.33823240760962	-6.43134442407886
Cell569	-2.01117242340247	-7.53984871942798
Cell570	-1.69475294117133	-7.48449746210376
Cell571	-2.16603446964423	-6.81609574396412
Cell572	-3.29921139244239	-6.01683608133594
Cell573	-2.8177887297074	-7.25792256433765
Cell574	-1.4049766159455	-7.61001339990894
Cell575	-3.59755362037818	-8.1616758449773
Cell576	-1.60904253486792	-7.37813416559498
Cell577	-2.63119829658667	-7.5058445080022
Cell578	-1.37139744524161	-7.12926522333423
Cell579	-3.28771389488379	-6.56326523859302
Cell580	-3.60741318229834	-8.66269818384449
Cell581	-3.21864212516944	-7.97135773737232
Cell582	-2.36489594940344	-7.41925946314136
Cell583	-1.07230992082755	-7.07429543573658
Cell584	-3.11473477844397	-6.91399136621753
Cell585	-2.15652311805884	-8.5429710491399
Cell586	-2.52170051101844	-7.29072323877613
Cell587	-3.05429805282752	-7.54610673029224
Cell588	-2.49026072982947	-5.96714202005665
Cell589	-1.67789531711737	-7.28330269892017
Cell590	-2.41375852588813	-5.58091631967823
Cell591	-2.77668703560034	-7.56654397089283
Cell592	-4.27568686966101	-6.45019951898853
Cell593	-2.57492173675696	-7.53745976526539
Cell594	-2.81692470077674	-7.29226342279712
Cell595	-2.96528972152869	-7.71094647486011
Cell596	-2.72357977394263	-6.46369877893726
Cell597	-2.61790359977881	-8.48185387689869
Cell598	-3.06129396919409	-5.32727519113819
Cell599	-3.58410609726111	-5.80776063043873
Cell600	-2.49844373230139	-5.33138362009327
Cell601	-1.51522065166632	-6.04139605600635
Cell602	-1.23318869833152	-6.74421349603931
Cell603	-3.54658807281653	-5.68041411478321
Cell604	-4.22299850944678	-7.71406212885181
Cell605	-1.51452566150824	-6.81385270197193
Cell606	-1.7172073221604	-5.60405102808277
Cell607	-2.51835764412085	-6.87703839380542
Cell608	-2.89277232650916	-7.02052250940601
Cell609	-2.33015717033545	-6.42844334680835
Cell610	-2.28491939071814	-8.51197281915943
Cell611	-2.79409945968787	-7.27605286676685
Cell612	-3.82494891647498	-7.9339393718938
Cell613	-1.91943312648932	-6.70589486200611
Cell614	-3.31187141899268	-8.51360550958912
Cell615	-3.39323724273841	-7.17671624262134
Cell616	-2.1229302978913	-7.15571442682544
Cell617	-1.93676675323645	-6.63943043787281
Cell618	-1.55788470272223	-7.1468299968938
Cell619	-1.63369728092353	-8.41127625543873
Cell620	-3.02099073890845	-5.79464474756519
Cell621	-3.31876767639319	-5.37312260706226
Cell622	-2.36282552246253	-7.64737263757984
Cell623	-2.81728805069129	-7.27627125818531
Cell624	-1.88312138084571	-6.98254147608082
Cell625	-2.02340425018469	-5.34012976724903
Cell626	-3.82761658195655	-6.24017659265796
Cell627	-3.05037058357398	-7.14296380121509
Cell628	-3.33556140426795	-6.73387662012378
Cell629	-2.75751937393347	-6.06897488672535
Cell630	-2.80070127014319	-8.22380009729664
Cell631	-2.26181996826331	-8.25694504816333
Cell632	-3.95915711883704	-7.57986394007007
Cell633	-3.9031318521897	-6.19365779001514
Cell634	-3.72238434318701	-7.38514844019214
Cell635	-2.0261262751023	-8.27355233270923
Cell636	-3.84509385589759	-7.9678806408147
Cell637	-4.47186959747473	-6.66386357385914
Cell638	-4.4008387422959	-6.95586720545093
Cell639	-2.95585049156348	-6.51886216242115
Cell640	-2.6958450174729	-6.77901211817066
Cell641	-2.69002069000403	-5.94977990228931
Cell642	-3.47238148216407	-6.5538238628606
Cell643	-2.6304997301499	-6.27147666055957
Cell644	-4.122841248552	-6.48787251550953
Cell645	-4.41999901298682	-7.72314015466968
Cell646	-3.76598824028174	-7.54764023859302
Cell647	-3.41405404571692	-8.68195000726978
Cell648	-3.50554073814551	-6.50258294184009
Cell649	-2.58638227943579	-7.93433800775806
Cell650	-3.511428723375	-5.38494721491138
Cell651	-3.59819735054175	-8.5188593013982
Cell652	-2.30141473774115	-6.87763825495044
Cell653	-1.9181772566239	-7.22343865473072
Cell654	-1.76592064861457	-5.59618941385547
Cell655	-1.12374062303702	-7.42770234186451
Cell656	-2.31638289455573	-8.41081372339527
Cell657	-4.44778932098548	-7.57006112177173
Cell658	-1.58695901397864	-7.59565201837818
Cell659	-4.49435580734412	-6.50637284357349
Cell660	-1.80386258129279	-8.56320992548267
Cell661	-1.7142069435517	-8.12866250116626
Cell662	-2.29311347965399	-5.24985257227222
Cell663	-1.80731166366736	-5.98090306360523
Cell664	-2.15600205425421	-7.27999631006519
Cell665	-2.97411073211829	-6.51087132532398
Cell666	-2.35044289592902	-7.67138520319263
Cell667	-2.4917823172013	-8.01922074396412
Cell668	-1.21978361372153	-7.33506337244312
Cell669	-4.08969892028968	-6.47056332666675
Cell670	-3.27576197151343	-8.75054589350025
Cell671	-2.01112330917517	-7.64963666040699
Cell672	-1.67808176044623	-6.29275694925586
Cell673	-2.69533599380652	-5.42779675562183
Cell674	-2.49168289665381	-6.21833983499805
Cell675	-3.82344258789221	-6.31653729517261
Cell676	-4.14631808761756	-7.02815762598316
Cell677	-1.56694234375159	-7.80833569605152
Cell678	-2.94950593475501	-7.68660012323658
Cell679	-2.57779801849524	-5.30193654138843
Cell680	-1.68398881916205	-8.14622155267994
Cell681	-2.53482831482093	-8.27043000299732
Cell682	-1.61983502868811	-5.78679267008106
Cell683	-3.02745235923926	-5.38145962793628
Cell684	-2.25200749401251	-7.32378617365162
Cell685	-4.19321931366126	-7.24994126398365
Cell686	-4.38897670272986	-6.38679305155079
Cell687	-3.51555527214209	-7.02081528742115
Cell688	-4.3175081110398	-6.76851693231861
Cell689	-2.2166301107804	-6.70048371393482
Cell690	-3.49584783081214	-7.86071911890308
Cell691	-2.64279879097144	-6.40884915430347
Cell692	-2.31956828598181	-7.70099202234546
Cell693	-1.87513733867804	-7.23405591089527
Cell694	-3.31927050117652	-7.78080884058277
Cell695	-3.42073858741919	-7.92626992304126
Cell696	-2.55555952552954	-8.74538365442554
Cell697	-2.07728339199225	-6.58052960474292
Cell698	-2.47591341499488	-7.01699963648121
Cell699	-3.43425930504004	-6.65964833338062
Cell700	-3.64471448425452	-6.47739735681812
Cell701	-3.16462219719092	-7.31344452936451
Cell702	-3.21008099083106	-6.56883469660083
Cell703	-3.90306056503455	-7.80598679621021
Cell704	-2.01958049301306	-6.37866250116626
Cell705	-3.70559490684668	-6.19982472498218
Cell706	-3.07486690048377	-7.79071465570728
Cell707	-2.05170215133826	-7.18721142847339
Cell708	-2.77032722000281	-5.44702044565479
Cell709	-2.76247871879737	-8.59325638849537
Cell710	-1.43230111364524	-6.81613293726246
Cell711	-2.71113670829932	-6.50873986322681
Cell712	-3.31079782013098	-6.14088431436817
Cell713	-1.26587201122443	-6.71327916223804
Cell714	-3.1895088053147	-7.2731784923772
Cell715	-1.50506366256873	-6.17463484842579
Cell716	-2.63513864044348	-8.41325894434253
Cell717	-3.34191168312232	-5.86765233118335
Cell718	-3.53601468567053	-8.28463021356861
Cell719	-3.08643997673194	-6.40525141794483
Cell720	-3.05220736030738	-7.30574456293384
Cell721	-4.01455105308692	-6.44672528345386
Cell722	-1.2448620295922	-6.39304438669483
Cell723	-2.76514853004615	-6.88686600763599
Cell724	-1.91967857841651	-8.09737244684498
Cell725	-4.35097373489539	-7.60962620813648
Cell726	-3.43163932327429	-6.97733441431324
Cell727	-2.95597041610877	-5.24334899027149
Cell728	-2.0702563620011	-6.35069361765186
Cell729	-4.325961718599	-7.12453976709644
Cell730	-2.95368231300513	-6.72533074457447
Cell731	-3.03579963211219	-6.39742842752735
Cell732	-2.61984098915259	-8.12216130335132
Cell733	-4.3070625162522	-7.63520089227955
Cell734	-3.41408933166663	-6.48441449243824
Cell735	-2.40422976974646	-7.47662106592457
Cell736	-3.29214800361792	-5.67982283670704
Cell737	-1.34574664596717	-6.5293926342229
Cell738	-2.18937970165412	-7.08514062006275
Cell739	-3.45283998016516	-7.86581078607837
Cell740	-2.73218382362525	-7.96076527673999
Cell741	-2.874137291948	-7.24321499903003
Cell742	-3.09706486229102	-8.05997601587574
Cell743	-2.59809363845984	-8.62319603998462
Cell744	-3.40453947548072	-6.48014966089527
Cell745	-4.41210354332129	-6.81894818384449
Cell746	-2.88418711189429	-6.68622819025318
Cell747	-2.17807091240088	-8.17971745569507
Cell748	-3.14773500923316	-5.51160517771045
Cell749	-3.83866942886511	-7.30035821039478
Cell750	-1.93005109790961	-5.73609343607227
Cell751	-3.00526512626807	-8.03976193506519
Cell752	-1.18941570285956	-6.97510758478443
Cell753	-2.78832114700476	-7.66954842645923
Cell754	-3.35646880630652	-5.75450268823902
Cell755	-2.18354416851203	-7.37780705530445
Cell756	-4.11677111152808	-6.36361304361622
Cell757	-4.36887467865149	-6.37836686212818
Cell758	-2.16066492561499	-7.02597752649585
Cell759	-1.93568230632941	-8.37332287866871
Cell760	-2.27292741302649	-6.99960652429859
Cell761	-2.49424637321631	-8.58199444849292
Cell762	-2.14335418705146	-8.17586747247974
Cell763	-1.54618466858069	-7.82388917047779
Cell764	-1.72741199497382	-6.67821541864673
Cell765	-3.66418279174964	-7.50565377313892
Cell766	-3.55305326942603	-6.85427895624439
Cell767	-2.33055842880408	-7.49719372827808
Cell768	-3.59449923996131	-7.53476182062427
Cell769	-2.96206844810645	-6.01632300455372
Cell770	-1.53352452282111	-5.74536124307911
Cell771	-3.54172934059302	-6.5338043316106
Cell772	-1.98871756557624	-6.24021760065357
Cell773	-3.49437440399329	-6.67280713159839
Cell774	-2.88568461898963	-7.20887318689624
Cell775	-2.41828609470526	-5.9157623394231
Cell776	-3.95693434242407	-5.9654711826543
Cell777	-1.61062611107032	-8.34305897791187
Cell778	-2.76812637809912	-5.24214259226124
Cell779	-4.44578851226966	-7.43923607904712
Cell780	-3.7026432848374	-5.90544406015674
Cell781	-3.32344854835669	-8.13791123468677
Cell782	-2.76218212608496	-7.33068982202808
Cell783	-1.19102318052451	-7.53756371576587
Cell784	-3.70382393364112	-7.41826478082935
Cell785	-2.48442138199011	-7.33614197809498
Cell786	-2.87985385421912	-7.82821789819996
Cell787	-3.45156324867407	-7.87285080988208
Cell788	-2.73365581993262	-6.90846100885669
Cell789	-3.5428270197312	-5.64581290323536
Cell790	-2.94654954437415	-8.43494359094898
Cell791	-2.64362967971961	-6.76530114252369
Cell792	-1.97071934703986	-6.55738679010669
Cell793	-1.4304322100083	-6.97129002649585
Cell794	-3.81734860901038	-5.96834937174122
Cell795	-4.33279145721595	-7.66412201959888
Cell796	-3.30726397995154	-8.67617169458667
Cell797	-1.82644189361731	-7.45645085413257
Cell798	-2.85713566307227	-7.84298363764087
Cell799	-2.09991134170691	-7.84507123071949
Cell800	-1.83184934620063	-7.09717408258716
Cell801	-3.69826353553931	-7.54229966242115
Cell802	-3.95371783737342	-6.71909180719654
Cell803	-3.60967434410254	-5.90623036463062
Cell804	-2.62873805526892	-6.71310368616382
Cell805	-1.40558732513587	-6.15320244867603
Cell806	-3.52266753677527	-7.1776146038274
Cell807	-3.1834007597367	-7.05305520136158
Cell808	-2.47159946922461	-5.95136586267749
Cell809	-3.54712832931678	-6.47620144922535
Cell810	-1.30892730716864	-7.33780804712574
Cell811	-1.63891685966651	-6.36011973459522
Cell812	-2.83457983497779	-8.24809971887867
Cell813	-2.36845041278998	-6.08065024454395
Cell814	-4.03740871910254	-6.31935969431202
Cell815	-1.42350191835562	-7.44169846613208
Cell816	-3.61171544555823	-8.0290607555608
Cell817	-1.43493885759513	-7.93532124597828
Cell818	-1.84346366886298	-8.59678498346607
Cell819	-2.01678193573157	-6.38571063120166
Cell820	-4.24071491722266	-7.53602257807056
Cell821	-4.53789771560828	-6.5634502514104
Cell822	-2.44285763267676	-6.71598187525074
Cell823	-2.65517772201697	-7.69984665949146
Cell824	-4.00789750579993	-7.40698281366626
Cell825	-1.53459108833472	-6.15788832742969
Cell826	-1.48999989990393	-8.08485070307056
Cell827	-3.44749988083045	-5.41058198053638
Cell828	-3.68686688903968	-7.63869229395191
Cell829	-3.40367783073584	-5.3421105488042
Cell830	-3.79957092765967	-8.49732152063648
Cell831	-2.75636995796363	-6.61397114832203
Cell832	-3.52700866226355	-7.79498139459888
Cell833	-2.10885275367896	-7.20692578394214
Cell834	-2.71682919029395	-6.8749794109563
Cell835	-2.59259046081702	-5.25997677881519
Cell836	-4.11036909584204	-6.36896172601978
Cell837	-3.2165457106034	-5.4586090191106
Cell838	-3.34853185180823	-8.04478112299244
Cell839	-3.64069427017371	-5.77337542612354
Cell840	-1.95235026840369	-8.40787259180347
Cell841	-2.09509945873419	-7.3165659054021
Cell842	-1.51147569183509	-7.23601952631275
Cell843	-2.25441313747565	-7.31457654077808
Cell844	-2.31741703514258	-5.81265202600757
Cell845	-3.00536597732703	-6.73586979944507
Cell846	-2.61530531410376	-5.8134616955022
Cell847	-2.15781677726905	-7.78612652857105
Cell848	-2.41203344825904	-7.02933159906665
Cell849	-4.208600888292	-6.83905163843433
Cell850	-3.18742836479346	-5.40207234461109
Cell851	-2.42494286064307	-7.08920804102222
Cell852	-1.75849689010779	-5.86232224542896
Cell853	-1.64093030456702	-6.70047131616871
Cell854	-3.56423414711157	-7.98996201593677
Cell855	-2.50369561676184	-5.59262648660938
Cell856	-2.14591980938117	-5.94921723444263
Cell857	-2.01077915195624	-7.33325329859058
Cell858	-2.64001358513037	-7.14713898737232
Cell859	-3.7667039728562	-7.65331784326832
Cell860	-3.15444005493323	-7.1832241161565
Cell861	-3.61154330734412	-6.90547123987476
Cell862	-3.6907671785752	-6.69658604700367
Cell863	-4.12715209488074	-6.60839406091968
Cell864	-3.19028581146399	-7.36484948236744
Cell865	-3.83154381279151	-7.09240761835376
Cell866	-2.3465950584809	-6.77338067133228
Cell867	-3.26712573532263	-8.21140614588062
Cell868	-2.23316801551978	-7.99974194605152
Cell869	-1.96534706119696	-6.69560185510914
Cell870	-2.31133521560828	-8.20976487238208
Cell871	-3.68882549766699	-6.91924706537525
Cell872	-3.66174806121985	-6.02257624704639
Cell873	-2.61889184478919	-7.14758244592945
Cell874	-4.14069903854529	-7.0572418316106
Cell875	-3.21508229736487	-8.10137787897388
Cell876	-3.15618527893225	-6.86487332422535
Cell877	-3.96784223083655	-7.53725663263599
Cell878	-3.19482911590735	-7.48341218073169
Cell879	-2.44496000770728	-7.79497853357593
Cell880	-1.55551303390662	-7.20240346033374
Cell881	-3.28183401588599	-6.25786391336719
Cell882	-2.05107320312659	-6.84850541193287
Cell883	-3.7654513216416	-5.90179768640796
Cell884	-4.17116249565284	-7.88286534387867
Cell885	-2.19361091617743	-8.00423279840748
Cell886	-2.40032006267707	-5.22226658899585
Cell887	-3.60738051895301	-7.42017785150806
Cell888	-2.35590148929755	-6.47790566522876
Cell889	-3.38749159340064	-7.22788563806812
Cell890	-1.5214419460694	-7.70925751764576
Cell891	-3.35426319603125	-7.53333035547535
Cell892	-3.0581234789292	-6.25735417444507
Cell893	-2.97220552925269	-5.29439297754566
Cell894	-2.19964278701941	-7.30725041467945
Cell895	-2.84936488632361	-8.46610489923755
Cell896	-1.83479572300116	-6.82562962610523
Cell897	-2.15149761203925	-6.76231614191333
Cell898	-2.65914357666175	-6.39888802606861
Cell899	-2.14585674766699	-6.52907029230396
Cell900	-2.34769690994422	-7.8215355022649
Cell901	-1.77286900047461	-6.25486031610767
Cell902	-1.76857174400489	-6.95918122370044
Cell903	-1.17730105880896	-7.1315826519231
Cell904	-3.74997247223059	-7.28615037042896
Cell905	-3.78207505706946	-5.81724396784107
Cell906	-3.34872401718299	-8.5433897121648
Cell907	-3.10269750122229	-6.67016926843921
Cell908	-3.33905399803321	-5.47563687403003
Cell909	-2.06535733703772	-8.1596006496648
Cell910	-1.70309163097541	-6.54884186823169
Cell911	-4.31588138107459	-7.2228159054021
Cell912	-2.06464220050971	-8.03896847803394
Cell913	-2.87823260788123	-5.63886729318897
Cell914	-3.7104615068833	-6.32631245691578
Cell915	-2.36574340824286	-5.62873641092579
Cell916	-2.07734251979987	-6.42729607660572
Cell917	-4.07309187416236	-6.9598182781438
Cell918	-2.36771369938056	-7.22308770258228
Cell919	-4.21382535461585	-6.53545323450367
Cell920	-2.15315617088477	-5.77647152979175
Cell921	-1.58506060604254	-6.80100289423267
Cell922	-1.32219112877051	-7.17608109552662
Cell923	-1.31171185735861	-7.59978333551685
Cell924	-3.37560523513953	-6.72668782312671
Cell925	-3.43961657051245	-8.17459145624439
Cell926	-1.52922857765357	-6.32290593225757
Cell927	-4.12927044395606	-6.22310772974292
Cell928	-3.81524599556128	-7.63176003534595
Cell929	-3.46500791076819	-5.70895758707325
Cell930	-3.07820905212561	-5.50320855219165
Cell931	-3.935003647844	-6.67915764887134
Cell932	-1.65373099807898	-7.76856556970874
Cell933	-3.79596627716223	-6.64503041345874
Cell934	-1.38482994798819	-6.69426385004322
Cell935	-3.85308636192481	-7.32704678613941
Cell936	-2.39611996177832	-8.3632892711858
Cell937	-2.93441737655799	-5.54775324899952
Cell938	-1.62163687709967	-5.66582289774219
Cell939	-4.44117463592688	-7.44435826380054
Cell940	-3.63460172180335	-7.08900681574146
Cell941	-3.31464732650916	-6.0811995609502
Cell942	-2.35670543674628	-8.27268067438404
Cell943	-1.93005681995551	-7.58126679498951
Cell944	-3.83836329940955	-7.85324612695972
Cell945	-1.26290864710013	-6.53279534418384
Cell946	-4.52693618301551	-7.36273614008228
Cell947	-3.86644209388892	-8.3545993908147
Cell948	-3.2571677065293	-8.0950254543523
Cell949	-1.79743600849311	-5.48305693704883
Cell950	-2.02603996757666	-7.84787884790699
Cell951	-3.32363165382544	-8.22006836969654
Cell952	-4.500024924318	-7.34047261316578
Cell953	-3.33676136497657	-5.60844651300708
Cell954	-2.83131898407141	-8.64345875818531
Cell955	-1.29130561117331	-6.91169873316089
Cell956	-3.4881235456864	-5.98073712427417
Cell957	-2.74185026649634	-5.4306081875066
Cell958	-1.90474558834235	-8.62439004022876
Cell959	-2.88745392326514	-6.5380710705022
Cell960	-3.81785858635108	-8.25232068140308
Cell961	-3.53432191375891	-5.86931124765674
Cell962	-2.28197968963782	-5.87045994837085
Cell963	-3.11098135475318	-8.40685216028492
Cell964	-1.56211067203681	-6.26596060831348
Cell965	-2.12313319210211	-6.41495982248584
Cell966	-2.05593443874518	-5.74216834146778
Cell967	-3.08264029983679	-7.89810315210621
Cell968	-2.50718558792273	-6.24409714777271
Cell969	-1.89563752178351	-5.55763283808033
Cell970	-2.69290126327674	-7.09031525690357
Cell971	-2.19710100654761	-8.73096123773853
Cell972	-1.92567862037818	-5.44605341989795
Cell973	-3.55310405258338	-8.22348157007496
Cell974	-1.819574127237	-6.379391108344
Cell975	-3.57654369835059	-7.05195084650318
Cell976	-1.94884527687232	-8.40950242121021
Cell977	-3.76951993469397	-6.37183848459522
Cell978	-1.59028590683142	-6.53230038721363
Cell979	-2.90728176597754	-7.40430680353443
Cell980	-3.25574649337928	-6.48817006189624
Cell981	-4.35499895576636	-6.99223176080982
Cell982	-1.58876026634375	-7.98209706384937
Cell983	-3.41545237068335	-6.73133889276783
Cell984	-2.97814000610511	-5.38533869821827
Cell985	-3.37514198784033	-7.38925973017017
Cell986	-1.78884674076239	-7.42251530725757
Cell987	-3.25028122429053	-7.07362214166919
Cell988	-4.11149466995398	-6.29327527124683
Cell989	-2.37944806579749	-7.80007878382007
Cell990	-3.98487413887183	-7.26687375147144
Cell991	-1.89746273521582	-7.46699944574634
Cell992	-3.24798882965247	-7.28781071741382
Cell993	-2.77875579361121	-5.41852847177784
Cell994	-2.3053420877854	-6.87476960260669
Cell995	-2.7453097200791	-8.50978127558033
Cell996	-3.43108809951941	-6.64472333032886
Cell997	-2.69412625793616	-6.44949952204029
Cell998	-4.02498281959693	-6.74624005396167
Cell999	-2.41772902969519	-6.07771578867237
Cell1000	9.1269920968612	4.16881784360607
Cell1001	8.83246027465661	3.988439883401
Cell1002	10.1618050241073	4.2945762531062
Cell1003	9.53898035522302	4.16505655210217
Cell1004	9.82125936981042	2.73202749650677
Cell1005	10.8150623941024	2.28227331798275
Cell1006	10.3632429742416	2.18932345073422
Cell1007	10.547169556578	3.82932146947583
Cell1008	8.94728075500329	3.60490664403637
Cell1009	9.59097181793054	1.1773918227454
Cell1010	10.905266632994	2.03834929626187
Cell1011	8.5552433633407	2.77398618619641
Cell1012	10.9801920556625	3.44776257436474
Cell1013	10.8187492990096	2.56141092937191
Cell1014	8.74928747649987	3.13726242940625
Cell1015	9.49638926025232	3.72254046361645
Cell1016	10.2983702325424	3.14974209230145
Cell1017	8.90052591796716	4.00778874318798
Cell1018	11.3950871133407	2.4772749201556
Cell1019	10.405640473326	3.53015467088421
Cell1020	10.2912996911605	2.0220693902274
Cell1021	9.45348536010583	4.31641229551037
Cell1022	9.39057432647546	1.88885566156109
Cell1023	10.7459410333236	3.95265873830517
Cell1024	10.567378869017	2.59929534356793
Cell1025	10.4922217034896	3.72018536489209
Cell1026	8.79927813049157	2.41228058498104
Cell1027	9.4010513925155	4.05523809354504
Cell1028	9.26675211425622	4.28241642873486
Cell1029	9.1957291268905	2.52909943025311
Cell1030	9.43322836395105	1.81689267914494
Cell1031	9.35388933654626	2.62419923703869
Cell1032	11.3726442956527	3.0594688312312
Cell1033	11.6287134790023	2.73954745691021
Cell1034	8.49888407226404	3.52655013959606
Cell1035	8.92892443176111	3.44327005307873
Cell1036	10.4086750650009	2.58622929017742
Cell1037	10.3934324884017	2.90362807672222
Cell1038	10.4183348321517	1.27078595321377
Cell1039	9.58569609161218	3.46018632810314
Cell1040	11.092652192076	1.65317768167456
Cell1041	10.2812164926132	1.3473887697955
Cell1042	8.9010456704696	2.05063879053791
Cell1043	9.96902643676599	2.88813647191723
Cell1044	11.3337172174056	2.87459441583355
Cell1045	9.32076441284021	2.9379095689555
Cell1046	9.87517725463708	4.52358755033215
Cell1047	9.02540289398034	3.89548095624646
Cell1048	8.57331930633386	2.8626389161845
Cell1049	8.95125757690271	2.05738621514042
Cell1050	10.1886395120223	4.43245562474926
Cell1051	9.18959318633874	1.34258286218842
Cell1052	9.59805475707849	2.18603786390026
Cell1053	11.0158919000228	2.11353924434384
Cell1054	9.38333212371667	3.78865727346142
Cell1055	10.8010195397933	3.36227485101422
Cell1056	9.56874929900964	4.29242881696423
Cell1057	9.5262373590072	2.33017488877972
Cell1058	10.0020502709945	1.2922087268134
Cell1059	8.84589468475183	3.56244012277325
Cell1060	8.48083483215173	2.66556974809368
Cell1061	9.23288427825769	3.05086156289776
Cell1062	10.1259277963241	3.83169635694226
Cell1063	11.1519793176254	2.27510574023922
Cell1064	9.61740004058679	4.29070123594006
Cell1065	11.5613106393417	3.05798503320416
Cell1066	9.85297857757409	3.02743920247753
Cell1067	8.29446588989099	3.00178047578533
Cell1068	8.61708628173669	2.05779656331738
Cell1069	9.0369681024154	1.70441111486157
Cell1070	9.99768244262536	2.15681162040432
Cell1071	11.4453791284164	2.31576069753369
Cell1072	10.1854523324569	3.34497078817089
Cell1073	10.5718802117904	3.31310554902752
Cell1074	10.1426590585311	2.35423245589932
Cell1075	11.1488340997299	2.24974932830532
Cell1076	10.4307287835677	3.81590398709973
Cell1077	10.4527033471664	4.32817872922619
Cell1078	9.94648443694909	1.19775655429562
Cell1079	10.2164114617904	1.96152469079693
Cell1080	9.97738920684655	3.29799636762341
Cell1081	9.47413813110193	3.98952564161022
Cell1082	11.0701950692733	3.33803090017041
Cell1083	9.37418924804529	2.29839774530133
Cell1084	10.1792048120101	2.2795758501788
Cell1085	10.6389530801376	1.61646107148131
Cell1086	10.0090769433578	3.38247128884991
Cell1087	10.6072443627914	2.49963119189938
Cell1088	10.1591700219711	3.26725169580181
Cell1089	9.33553587432702	3.33439382474621
Cell1090	8.79663359161218	4.00710305135449
Cell1091	10.1123808526595	3.71597250859936
Cell1092	10.173688759764	1.95036944310864
Cell1093	10.8912171029647	4.35606345098217
Cell1094	10.4862793588241	4.52235874097546
Cell1095	11.0325831079086	3.97396787564953
Cell1096	9.52915369506677	1.8685796217223
Cell1097	11.4804304742416	2.40553554456433
Cell1098	11.5152481698592	2.4977565066119
Cell1099	11.2345427178939	1.82544604997834
Cell1100	8.49867426391443	2.27993139188488
Cell1101	9.33848368163904	1.54932336445649
Cell1102	10.7906454705795	4.21818169515332
Cell1103	9.10570608611902	3.60849055211743
Cell1104	9.55921637054284	1.87465428869923
Cell1105	9.38629614349206	2.40873291652401
Cell1106	10.1263970040878	1.68639505963524
Cell1107	8.48351370330652	2.53416946094235
Cell1108	10.8240288400253	4.29117092054089
Cell1109	9.09101282592614	2.93673821847637
Cell1110	9.91213594909509	3.05426868360241
Cell1111	9.29097639556726	2.49992242019375
Cell1112	11.6014784478744	2.60393616121014
Cell1113	10.3708485269149	1.69185849588116
Cell1114	9.84226213928064	1.72593108873566
Cell1115	8.97029577728112	3.47016247670849
Cell1116	10.6378277444442	4.2581137077113
Cell1117	9.72427832122644	2.50431021611889
Cell1118	10.9340437554916	2.9313588992854
Cell1119	11.2500122689803	3.20125373761853
Cell1120	10.8545921945175	2.42434665124615
Cell1121	10.7466610574325	2.20165440004071
Cell1122	10.2877882623275	3.18365057866772
Cell1123	9.55968367095788	1.07259508531292
Cell1124	10.3745993280013	4.08227809827526
Cell1125	11.1633118295272	1.67636819492777
Cell1126	8.5557726525863	2.68264492910107
Cell1127	10.2526711129745	3.82452925603588
Cell1128	10.8514813088973	3.14095612924298
Cell1129	11.0110491418441	1.51887062128385
Cell1130	8.04599272247155	2.84703632753094
Cell1131	11.2157286309799	2.14833941619595
Cell1132	9.26217352386316	2.52494594018658
Cell1133	9.2260197305282	2.49109050195416
Cell1134	9.75683676238855	4.17347582738598
Cell1135	9.50452982421716	1.10925882618626
Cell1136	8.50923716064294	3.25342019956311
Cell1137	9.93910776611169	1.25383603136738
Cell1138	10.6497820520004	3.02869709890087
Cell1139	11.2900618218978	1.92166775028904
Cell1140	10.4208201074203	2.41193988483151
Cell1141	9.11520754333337	1.67237586837014
Cell1142	10.693635811766	4.08489855687817
Cell1143	8.6638859414657	2.51267340343197
Cell1144	9.67123781677087	3.34181412618359
Cell1145	9.62281595702966	2.97211691301068
Cell1146	11.096202721556	2.89540394704541
Cell1147	9.16466413970788	2.78679665487011
Cell1148	9.53382479186853	4.24729069631298
Cell1149	10.042286744078	4.18956526677807
Cell1150	9.22995840545495	3.24068709771832
Cell1151	9.55814539428552	3.54081341188153
Cell1152	9.57912718292077	1.18285837333401
Cell1153	9.77773081298669	2.36097141664227
Cell1154	10.6445387506088	2.05980538885792
Cell1155	11.0081890725692	1.94417559664448
Cell1156	8.39454447265466	3.09329422872265
Cell1157	10.9913986825546	1.92836233537396
Cell1158	10.3530577325424	2.51121255319317
Cell1159	10.124709954222	3.11084803502758
Cell1160	11.009008278807	2.42412331264218
Cell1161	10.0275028848251	2.92102857988079
Cell1162	10.3322275781234	3.54183086316784
Cell1163	9.74246012206872	1.37204859714707
Cell1164	10.9630535745223	2.75028642575939
Cell1165	10.7816733026107	2.50951256911953
Cell1166	11.1229151391586	3.10908016126355
Cell1167	10.2464579248031	4.46790250699719
Cell1168	8.96535288329919	4.37478002469738
Cell1169	10.9947851800521	3.18038150232037
Cell1170	10.0485342645248	2.61358877580365
Cell1171	10.0029371881088	4.24390872876843
Cell1172	9.06358992095788	3.0761969939967
Cell1173	9.04875933166345	2.09156336944302
Cell1174	8.91659628387292	3.3796637908717
Cell1175	9.80276857848962	3.97592219274243
Cell1176	10.7561415338119	3.75612362783154
Cell1177	9.21155821319421	3.32793554227551
Cell1178	10.0051287316879	3.14821251790722
Cell1179	10.6521748208602	1.67726484995087
Cell1180	9.70101438995202	2.07138368051251
Cell1181	10.3694599771102	1.69643707882365
Cell1182	8.61509405608972	2.93475350301464
Cell1183	11.3283527993759	2.57236042182644
Cell1184	10.0193823480209	4.01135047834118
Cell1185	8.88965689178308	4.2801764861842
Cell1186	10.5219372415145	1.98765784065922
Cell1187	10.8721798562606	1.74784244160851
Cell1188	10.9978197717269	2.42240085761746
Cell1189	8.65073858733972	3.00561317365368
Cell1190	10.234048714598	2.03787684004505
Cell1191	9.25626074310144	4.11793860357006
Cell1192	11.1676968240341	3.7057979957362
Cell1193	10.2827309274276	3.04066225450238
Cell1194	10.428291192015	4.24591669004162
Cell1195	10.0380829476913	3.82826217572888
Cell1196	9.08003984924157	4.12332233350476
Cell1197	9.79506861205896	2.970995153596
Cell1198	9.48493563171228	2.93742808263501
Cell1199	10.4720276498397	4.06155737798413
Cell1200	9.87489973541101	4.56340869825085
Cell1201	10.0902784967025	4.02229174535473
Cell1202	9.88771330352624	1.02501913469036
Cell1203	9.62886892791589	3.93070086400708
Cell1204	10.9695862435897	3.1077767268916
Cell1205	9.29599272247155	2.10269268911084
Cell1206	9.44360624786218	1.4799893827339
Cell1207	10.721995224913	1.61038170691331
Cell1208	10.6413019799789	3.61858018796643
Cell1209	10.555865158995	1.59780139785012
Cell1210	10.0359705590804	2.69413801591595
Cell1211	8.79738508697351	3.78804334562023
Cell1212	9.69476496215661	4.4248195544978
Cell1213	9.82978903289636	2.32004197995861
Cell1214	10.9336146020492	1.65535481583079
Cell1215	11.4595497750839	3.30419870774945
Cell1216	10.7562492990096	2.08981820504864
Cell1217	9.97032152648767	2.01717611711224
Cell1218	9.714330544432	3.77705773275097
Cell1219	8.03050600524743	2.79647990625103
Cell1220	10.2729090356429	4.00171121518811
Cell1221	11.1365336083968	3.01276668470105
Cell1222	10.0878533029159	1.68262157898148
Cell1223	10.7653263711532	4.00876482885083
Cell1224	8.98857771392663	3.5067447082301
Cell1225	10.6348665856918	1.33137349348267
Cell1226	10.6594704293807	2.89579614560803
Cell1227	9.41205393310388	3.87974318425854
Cell1228	8.02812849517663	2.74352642457684
Cell1229	11.2744406365951	2.60481938283642
Cell1230	10.7284296655258	2.80972131650647
Cell1231	10.486734261473	2.69016119401654
Cell1232	11.4393681192001	2.86055847566326
Cell1233	9.76928125854333	3.69531926076611
Cell1234	10.2455137872299	2.77745005052288
Cell1235	11.4975680017074	3.74420293729504
Cell1236	8.96610628600915	4.05610140721997
Cell1237	9.76905523773034	1.20421650569638
Cell1238	10.9638517999252	2.75181802671154
Cell1239	10.4905527734359	2.68006833951672
Cell1240	8.98522459503015	3.83907445829113
Cell1241	10.1544541024764	2.12645503442486
Cell1242	10.3903101586898	2.85975142877301
Cell1243	9.32576643462976	1.76723025303086
Cell1244	11.0375889443954	3.41912027757366
Cell1245	10.2632635736068	3.19033333223065
Cell1246	10.8910101556381	2.71747490327557
Cell1247	10.118347039183	2.13382324140271
Cell1248	8.67245947357019	3.55639525811871
Cell1249	9.49171053405603	1.17512577336033
Cell1250	9.1599157952865	2.56238469045361
Cell1251	11.1761025094589	2.89150389592846
Cell1252	9.66772066589196	2.49130925100048
Cell1253	11.5026444100936	3.73335107724865
Cell1254	9.67314993377527	1.285433764865
Cell1255	9.20467554565271	3.25493844907482
Cell1256	10.8744152688583	3.79506763379772
Cell1257	9.59747587676843	3.77682384412487
Cell1258	10.5757902764877	4.1247011081477
Cell1259	9.04528795715173	2.59438940446575
Cell1260	10.7325037622054	2.65790530603131
Cell1261	10.1922653817733	3.39847310941418
Cell1262	10.1859224938949	3.65040525357922
Cell1263	11.0030974053939	2.25146099488934
Cell1264	10.0295275353988	2.22734382312496
Cell1265	10.1702173852523	2.89317974012097
Cell1266	10.4382132196029	1.6159200326701
Cell1267	9.06734262939294	4.41103156964978
Cell1268	10.2651308679183	1.31227296154698
Cell1269	8.97988878722986	3.72202404897412
Cell1270	10.0676296853622	1.32112559240063
Cell1271	10.0643108987411	3.69778713147839
Cell1272	9.50262152191003	2.70617028634747
Cell1273	9.42605673309167	3.53452893655499
Cell1274	8.35531889434655	2.5346731201907
Cell1275	9.24868570800622	3.62620409887036
Cell1276	8.80317770477136	2.05089616339405
Cell1277	10.4543265008529	2.2836571590205
Cell1278	11.171792855223	3.63492211263378
Cell1279	9.41053282256921	3.68990358274182
Cell1280	9.06876360412439	1.62920566212138
Cell1281	10.6061857843002	3.29761847417553
Cell1282	10.5178354882797	3.48899361055096
Cell1283	11.1468704843124	1.83594506542881
Cell1284	10.8125218057235	3.78717192571362
Cell1285	11.4835566186508	3.4547986642619
Cell1286	11.1881006860336	2.05937581818302
Cell1287	8.07702528472741	2.82219907205303
Cell1288	9.77876364227136	1.749928544571
Cell1289	9.88603865142663	3.66309174459179
Cell1290	11.2122353219589	2.73376890580853
Cell1291	8.9243553781112	2.83544191281994
Cell1292	10.5728233956893	2.75989827077587
Cell1293	9.30327593322595	2.92951723497113
Cell1294	10.7611082696517	2.77707609098156
Cell1295	11.3630283975204	3.46451612870892
Cell1296	11.1709831857284	1.84726166289051
Cell1297	10.2953985833724	2.24023940723141
Cell1298	10.2359055184921	4.30607255857189
Cell1299	8.83235632415612	2.43585291068753
Cell1300	9.98923002715905	2.38112499873837
Cell1301	10.7505854272445	3.18354114453991
Cell1302	10.0018471383651	3.69294318120678
Cell1303	11.3006781243881	3.20881709020336
Cell1304	11.10737883087	1.96168782870968
Cell1305	10.2298496865829	2.15678968589505
Cell1306	10.5426682138046	3.12374493043621
Cell1307	8.45631586547693	3.39678200643261
Cell1308	10.3331984185775	3.93510278623303
Cell1309	9.47730528350671	1.62218998308976
Cell1310	8.29491316314538	2.87606712739666
Cell1311	8.97226702209314	3.34223982255658
Cell1312	9.48763929839929	1.51294938038786
Cell1313	9.26524340148767	2.06060108106335
Cell1314	10.9900129937728	2.95836182992657
Cell1315	10.2197369241317	3.30862029950817
Cell1316	8.5053518914779	2.20237746398648
Cell1317	8.86164080139001	3.72552474897106
Cell1318	10.9087494515975	1.82276795368393
Cell1319	8.59909521575769	3.23483046453198
Cell1320	9.99480234618982	2.91535123746594
Cell1321	10.9195822381576	3.44380804460247
Cell1322	11.3736122750839	2.3377805010577
Cell1323	9.36482702728112	2.41954043071469
Cell1324	9.40763460632165	4.17082818906506
Cell1325	11.4333885812362	2.12536844175061
Cell1326	9.91732203002771	1.90537249605854
Cell1327	9.20044409271081	4.02633651654919
Cell1328	11.420255532225	3.64202221791943
Cell1329	10.7653816842635	3.41457792680462
Cell1330	9.87384878631433	3.16666850011547
Cell1331	8.74971758361657	2.6921478168269
Cell1332	9.65798555847009	4.36579069059094
Cell1333	9.36834894653161	2.65269931714733
Cell1334	9.66744505401452	1.59898061241706
Cell1335	9.94977270599206	3.04086264531811
Cell1336	9.63588606353601	2.7763421193858
Cell1337	10.5667322778304	1.41790245037278
Cell1338	9.45145403381189	2.51205375354489
Cell1339	11.0581873559554	3.88413485448559
Cell1340	10.1614760064681	2.51996901195248
Cell1341	9.64469133849939	4.2064472095271
Cell1342	8.97577845092614	2.50203218620022
Cell1343	9.58017908569177	2.06624361436566
Cell1344	9.14901720519861	2.43739899556835
Cell1345	10.2323254251083	4.20428618352612
Cell1346	9.57483469482263	1.76319951873024
Cell1347	10.8719690942367	1.59928442846735
Cell1348	10.6488608026107	3.13214370172222
Cell1349	10.737975945433	3.44816645543774
Cell1350	10.193295350035	1.82352163951596
Cell1351	10.0497034692367	1.71679226618012
Cell1352	9.04274260040124	2.72120651166638
Cell1353	9.26305090423425	2.32565995614727
Cell1354	10.8814247750839	2.68734737794598
Cell1355	11.383408417662	2.03146627109249
Cell1356	10.9050148629745	2.83892043988903
Cell1357	9.06906305785974	2.3775531904002
Cell1358	9.38689886566003	1.37869971554478
Cell1359	9.85461317535241	1.34337460558613
Cell1360	10.3441885613998	1.67809174518784
Cell1361	11.2992724084457	2.34807309072216
Cell1362	9.39891325469812	3.49061306874951
Cell1363	10.8610647821029	2.52930554311474
Cell1364	9.37427603240808	1.27153175633152
Cell1365	10.2606247567733	3.41432281892498
Cell1366	10.9384182595809	4.03857811849316
Cell1367	10.647454132994	2.99737616937359
Cell1368	9.29551683898767	1.62122273381551
Cell1369	9.07420717712243	1.80530304770668
Cell1370	9.43098913665612	1.99911161821087
Cell1371	11.043453087767	2.61610278051098
Cell1372	8.67536245818933	2.93601974408825
Cell1373	8.42431532378991	3.14212163846691
Cell1374	8.62338720794519	1.96060227911671
Cell1375	10.5558251046737	1.78367027204235
Cell1376	10.1882876061996	1.63375187229117
Cell1377	9.71436487670739	4.55399307172497
Cell1378	8.66799055572351	3.55070110719403
Cell1379	11.2473562860092	3.17811056535443
Cell1380	11.057890763243	3.01945444505413
Cell1381	10.1692236566146	1.42294707458218
Cell1382	11.3527649545272	3.33729835908612
Cell1383	11.0800999307235	3.65923055570324
Cell1384	10.5674570703109	4.34013279836376
Cell1385	10.2776983880599	1.72036078136166
Cell1386	8.50740610595544	2.88879486482342
Cell1387	8.86909758086999	3.20934852521618
Cell1388	8.7517479562362	2.35339507024487
Cell1389	9.72443758483728	2.63448187272747
Cell1390	10.7836550378402	2.62556382577618
Cell1391	9.66914450164636	1.91471287172039
Cell1392	9.64046942230066	3.7275858775874
Cell1393	10.3598116540511	2.36048790376385
Cell1394	9.4790714883407	3.22276183526715
Cell1395	10.5649155282577	1.64553036849697
Cell1396	10.0198582315048	1.28443109553059
Cell1397	8.49305140014489	2.51620450179776
Cell1398	8.82939993377527	2.05217018287381
Cell1399	9.22699247833093	2.91309484403332
Cell1400	10.08269964691	1.17794224183758
Cell1401	10.7055090570052	2.43079414527615
Cell1402	8.65736567016443	2.26364728372296
Cell1403	9.84732042785486	2.96949478547772
Cell1404	9.16772543426355	4.20660981099804
Cell1405	10.8477581643661	3.97209628980358
Cell1406	9.12307154174646	2.24353441159924
Cell1407	9.89061342712243	3.25452753465374
Cell1408	10.6385992669662	3.19818302552899
Cell1409	9.98347555633386	4.10024174611767
Cell1410	9.46126924987634	3.17016550462445
Cell1411	8.6279629373153	3.20925780694683
Cell1412	10.0340679788192	3.82479747693737
Cell1413	10.3076304101547	2.53531601588925
Cell1414	9.94536100860437	2.95446702401837
Cell1415	10.3806017541488	3.72706707875927
Cell1416	10.2305506372054	3.99819573323925
Cell1417	8.66991030212243	2.38842793863018
Cell1418	10.6083744668563	2.92364975373944
Cell1419	10.2316349649032	4.16509136121472
Cell1420	9.88642298217614	2.62264188688
Cell1421	8.457645287474	3.21335884492596
Cell1422	9.2620772027572	2.57665571134289
Cell1423	8.66487585540612	2.8832335130473
Cell1424	9.30550657745202	3.60496934812268
Cell1425	8.99452864166101	3.82100328366955
Cell1426	10.0320318841537	2.27799334686001
Cell1427	10.0611418389877	3.77393349569043
Cell1428	11.485817780455	3.27740272443493
Cell1429	9.81048285003503	1.87271186273297
Cell1430	9.95004450317224	1.59088298242291
Cell1431	8.99990831847986	2.14805903594693
Cell1432	10.2557305001815	4.00720938604077
Cell1433	9.69861494537195	3.34898861806591
Cell1434	8.93549429412683	2.88142773072918
Cell1435	9.91558729644616	2.48119017045697
Cell1436	10.085933556517	1.50003445457419
Cell1437	8.26958548065027	3.00489088456829
Cell1438	9.7195967340072	2.53305133741101
Cell1439	9.03532587524255	3.15845903318127
Cell1440	8.90807806487878	3.75972780149182
Cell1441	9.55398451324304	4.22012862127026
Cell1442	9.50724588867029	3.18553897302349
Cell1443	8.73102556701501	2.16915633838375
Cell1444	10.8468483590682	3.3017452613612
Cell1445	8.59303080077966	3.32403096120556
Cell1446	10.8007496499618	4.1749301807185
Cell1447	10.6675480508407	2.48943510215481
Cell1448	11.0008696221908	2.95239528577526
Cell1449	9.09580217834314	2.24914922874173
Cell1450	8.95618330474695	4.34540304105481
Cell1451	9.78591715331872	2.59636088769635
Cell1452	10.5715788507064	1.83950620453556
Cell1453	9.72691332336267	3.52820178430279
Cell1454	9.04955469604333	3.11980589788159
Cell1455	9.58639418121179	2.22569134395321
Cell1456	9.78680788513025	1.08338072459896
Cell1457	10.7951429986556	3.65930351178845
Cell1458	10.6797569894393	3.83555015485485
Cell1459	10.577988495787	3.55963167112072
Cell1460	9.24638544555505	2.85659297864636
Cell1461	9.33045565124353	2.35819378059109
Cell1462	10.580053200682	3.3486921445628
Cell1463	10.2805966043075	2.08765407960614
Cell1464	8.9277380609115	2.09711864154538
Cell1465	11.1974314355453	4.10650547902783
Cell1466	9.92227922912439	1.17515673797329
Cell1467	9.71640192504724	2.84038123052319
Cell1468	9.2921122216781	3.17823132436474
Cell1469	10.1389673852523	4.3722756759425
Cell1470	11.2793272637924	3.84305223386486
Cell1471	11.5553663873275	2.45111438195904
Cell1472	9.42496382232507	2.48650571267803
Cell1473	9.86590754028161	1.25720735948284
Cell1474	9.72726236816247	2.84801575105389
Cell1475	9.15713106628259	1.52285577665766
Cell1476	10.4053829812606	2.77779146592816
Cell1477	9.87976538177331	3.84621056478222
Cell1478	9.36186586852868	4.1157740012904
Cell1479	10.0024279260238	4.1353634254237
Cell1480	11.0066536569198	3.84490808408459
Cell1481	10.144807686766	2.02374797623356
Cell1482	10.3362120294174	3.42211016576489
Cell1483	10.05952726837	3.26837393205365
Cell1484	9.22100244994958	1.49825265567501
Cell1485	9.50025164123376	3.08698173921307
Cell1486	10.3156222009261	3.6824882880946
Cell1487	8.20507322784265	3.07590195100506
Cell1488	11.3282240533431	3.95706972043713
Cell1489	8.19235216613611	2.95963188569744
Cell1490	8.82145964141687	3.30199834268292
Cell1491	8.33944403167566	2.77868029039105
Cell1492	11.2252424859603	1.87100708048542
Cell1493	11.4262541436752	1.8688716844817
Cell1494	9.01187597747644	2.99847396772106
Cell1495	9.42837225433191	3.61557468335827
Cell1496	11.0470379495223	1.72439898114403
Cell1497	8.36458479400476	2.55091115396221
Cell1498	9.78478132720788	3.62356361310681
Cell1499	10.4114988946517	3.80790075223645
