,Pseudotime1
Cell0,0.0
Cell1,0.7088273274023832
Cell2,1.6206887283203328
Cell3,0.37067999877483243
Cell4,0.20851608280769465
Cell5,0.0
Cell6,0.150978507562803
Cell7,1.370805670385486
Cell8,0.3860651440749506
Cell9,0.0
Cell10,0.9053864902669255
Cell11,0.0
Cell12,1.0861468270710368
Cell13,0.41269578539406976
Cell14,1.5298127969490565
Cell15,1.5465029470241656
Cell16,0.0
Cell17,1.6589453383898431
Cell18,1.1297633422564175
Cell19,1.6072231903000298
Cell20,1.395122235901094
Cell21,0.0
Cell22,0.0
Cell23,1.6649526921991176
Cell24,0.39541495006561816
Cell25,0.0
Cell26,1.3733877676732824
Cell27,1.0755112548562056
Cell28,0.0
Cell29,1.4513754427234806
Cell30,0.18938855214228126
Cell31,0.2964932909261341
Cell32,1.0931186379630717
Cell33,0.0
Cell34,0.0
Cell35,0.24703645715873987
Cell36,0.3659898900217646
Cell37,0.0
Cell38,0.0
Cell39,0.6312770805410216
Cell40,1.5478726680960317
Cell41,0.0
Cell42,0.0
Cell43,1.8396162688842785
Cell44,2.0710159299173183
Cell45,1.4852391744830749
Cell46,0.7086667576746206
Cell47,1.2400915905385712
Cell48,1.1603759741729995
Cell49,0.0
Cell50,0.18162756467815536
Cell51,0.0
Cell52,0.9384457615729962
Cell53,0.0043072076444964
Cell54,0.4051206887121601
Cell55,0.7301198389888207
Cell56,0.0
Cell57,0.0
Cell58,1.5134664735340713
Cell59,0.2513089342903022
Cell60,0.2512776182281857
Cell61,0.0
Cell62,0.9246538255355912
Cell63,1.6002047087975184
Cell64,0.0
Cell65,0.8777858485065636
Cell66,0.0
Cell67,0.47324761133952187
Cell68,0.351279484327529
Cell69,1.039348968929666
Cell70,0.0
Cell71,0.008894490651132618
Cell72,0.5751839837359548
Cell73,0.0
Cell74,0.0
Cell75,0.0
Cell76,0.22265533830523218
Cell77,0.0
Cell78,0.0
Cell79,0.0
Cell80,0.0
Cell81,0.31254051110057207
Cell82,0.0
Cell83,0.0
Cell84,2.2226073471518393
Cell85,0.46794307258418494
Cell86,0.0
Cell87,0.9835090474437055
Cell88,1.9835924969882055
Cell89,0.41709590894498977
Cell90,0.0
Cell91,1.5948829065854109
Cell92,1.6180732802368143
Cell93,0.6971198683189408
Cell94,0.0
Cell95,1.5362650370202293
Cell96,0.0
Cell97,0.0
Cell98,0.0
Cell99,0.7235940906581471
Cell100,0.5583336365390368
Cell101,1.1917532216868845
Cell102,1.2430446484148696
Cell103,2.152779709635625
Cell104,2.0824439663737224
Cell105,2.0873381878527835
Cell106,0.7055697766061114
Cell107,0.10622690735805722
Cell108,1.3460513442358986
Cell109,0.24649436637026187
Cell110,1.4534756199663603
Cell111,0.8817951000746518
Cell112,0.0
Cell113,0.0
Cell114,0.036389479706490056
Cell115,0.3691343729181741
Cell116,0.9481750792437538
Cell117,1.5066654994549238
Cell118,0.5131826579787767
Cell119,0.03106215781086564
Cell120,1.1078622924422872
Cell121,0.5535101902378041
Cell122,2.171461916939575
Cell123,0.10146787289289673
Cell124,0.6675071740457593
Cell125,1.3338400466457612
Cell126,1.123498377573352
Cell127,1.6773419965899201
Cell128,1.2549597205060437
Cell129,0.9521587556290099
Cell130,0.13654988342015167
Cell131,0.0
Cell132,0.3267358185675039
Cell133,1.8555120563704146
Cell134,1.414459381796194
Cell135,0.42340085560523344
Cell136,0.0
Cell137,1.8142807191663932
Cell138,1.3471591898035353
Cell139,0.0
Cell140,0.8020686021852228
Cell141,0.0
Cell142,1.7700721989176469
Cell143,0.7352738666814622
Cell144,0.8201984309627146
Cell145,0.28172039468594945
Cell146,1.6891788842316695
Cell147,0.7897683346881644
Cell148,0.35655230368149876
Cell149,1.4471471608447783
Cell150,0.0
Cell151,1.6876371597003184
Cell152,0.5182193879313864
Cell153,0.49114166413224036
Cell154,0.0
Cell155,1.6646811586057106
Cell156,0.6138505526292101
Cell157,0.003630745560169028
Cell158,0.6058146109243242
Cell159,0.0
Cell160,1.5778974004348718
Cell161,0.0
Cell162,1.924314668513444
Cell163,0.2278042650969743
Cell164,0.0
Cell165,1.2668784009406322
Cell166,0.0
Cell167,1.2338602333016917
Cell168,0.0
Cell169,0.0
Cell170,0.0
Cell171,0.0
Cell172,1.9053663284006377
Cell173,1.8543858148298848
Cell174,1.3623556209644265
Cell175,0.05638254796136407
Cell176,0.0
Cell177,0.35320665846237764
Cell178,0.6754349640685032
Cell179,0.0
Cell180,1.8877769158892053
Cell181,0.0
Cell182,1.4838445510642564
Cell183,1.0454126566084438
Cell184,0.4200427684695402
Cell185,0.7510211707334421
Cell186,1.4302070984458541
Cell187,0.8464769361233265
Cell188,1.4560721243054613
Cell189,1.2188367474605013
Cell190,2.183122781710126
Cell191,0.9075219478235157
Cell192,1.649072243304435
Cell193,0.0
Cell194,0.0
Cell195,0.02668473525432813
Cell196,1.395553285167327
Cell197,0.0
Cell198,1.6311088992927378
Cell199,1.2297069327825139
Cell200,0.10713810431949325
Cell201,0.8265058307587043
Cell202,0.0
Cell203,1.5659408906399885
Cell204,0.4846333641842142
Cell205,0.0
Cell206,0.0
Cell207,0.0
Cell208,1.332052526630366
Cell209,1.5511762243629974
Cell210,0.0
Cell211,0.0
Cell212,0.0
Cell213,0.636669132059673
Cell214,0.7567659122803045
Cell215,0.0
Cell216,0.28651403373232387
Cell217,0.6990183820640694
Cell218,0.0
Cell219,0.6956884556270589
Cell220,0.7619706486246459
Cell221,0.0
Cell222,1.0272903757827747
Cell223,1.964800218839716
Cell224,1.822758446346931
Cell225,0.0
Cell226,0.0
Cell227,0.3864155313140629
Cell228,0.9275115268939579
Cell229,1.0490177909660174
Cell230,1.217887614350671
Cell231,1.3011586630944674
Cell232,0.7009665655366939
Cell233,1.8951867724661287
Cell234,0.16517285918979263
Cell235,1.003125428994029
Cell236,0.0
Cell237,0.22372285441220255
Cell238,0.419661577672304
Cell239,0.05241274195452599
Cell240,0.9704300303868899
Cell241,1.2000431745277385
Cell242,1.2132705856524557
Cell243,0.0
Cell244,0.0
Cell245,0.0
Cell246,1.6233026774880177
Cell247,1.0122204077845671
Cell248,2.0563396030343566
Cell249,0.33051448566685115
Cell250,0.0981071269483182
Cell251,1.558008999463644
Cell252,0.20615918529271376
Cell253,0.6680426861530726
Cell254,0.07231019800649685
Cell255,0.6754368805389322
Cell256,1.0107661070539191
Cell257,0.9927707922975914
Cell258,1.5224630142884805
Cell259,0.8888315289685793
Cell260,1.2135228922267403
Cell261,1.3931190537147236
Cell262,0.8316450317514008
Cell263,0.0
Cell264,1.7596117822840152
Cell265,0.48259118357577474
Cell266,1.0825035369237828
Cell267,0.5233616859849821
Cell268,0.0
Cell269,0.9402607864727957
Cell270,1.4930815223682834
Cell271,1.5277496110336795
Cell272,0.14519557261431437
Cell273,0.7332468603143063
Cell274,0.8921685322853551
Cell275,0.994355251108558
Cell276,0.0
Cell277,1.5322600264305701
Cell278,0.0
Cell279,0.4445453512766303
Cell280,2.216608952667042
Cell281,0.0
Cell282,0.8224625042861122
Cell283,0.16206542020757322
Cell284,0.0
Cell285,0.052693542359079984
Cell286,0.7590991398312892
Cell287,0.0
Cell288,0.0
Cell289,0.0
Cell290,0.9497442324539148
Cell291,0.07552579238973432
Cell292,0.5674849763853689
Cell293,0.0
Cell294,1.1622537570941394
Cell295,0.25479223307091897
Cell296,0.16866061755123735
Cell297,0.0
Cell298,1.4595655385958102
Cell299,0.0
Cell300,0.0
Cell301,0.9360432235439125
Cell302,0.7220146396420781
Cell303,1.6328353654541656
Cell304,0.0
Cell305,1.6059248799460188
Cell306,0.27159044764925105
Cell307,1.5306773998506202
Cell308,0.0
Cell309,0.0
Cell310,0.47784922095442306
Cell311,0.0
Cell312,1.388396253963437
Cell313,0.5203055426935419
Cell314,1.2790728144933687
Cell315,0.0
Cell316,2.011134525532186
Cell317,0.0
Cell318,1.4979550708907718
Cell319,0.0
Cell320,1.9181446543287781
Cell321,0.0
Cell322,1.3983395099711102
Cell323,0.6479986568488595
Cell324,1.3956060347023223
Cell325,2.0917825986340173
Cell326,0.3276430387090284
Cell327,0.0
Cell328,1.946393857831397
Cell329,2.008766942379219
Cell330,0.0
Cell331,0.5054716403652249
Cell332,1.4945995408658204
Cell333,1.2090132772160194
Cell334,0.48584152274578374
Cell335,0.36427797189568084
Cell336,0.0
Cell337,0.0
Cell338,1.7571774700391065
Cell339,0.018281656288650548
Cell340,1.8342905637030822
Cell341,1.0618181707362233
Cell342,1.7152783478876923
Cell343,0.8666248864058179
Cell344,1.9522025875813809
Cell345,0.0
Cell346,0.0
Cell347,0.0
Cell348,0.6386293984085302
Cell349,0.0
Cell350,2.245193772903096
Cell351,2.000124694174346
Cell352,1.857022284961144
Cell353,0.0
Cell354,0.36830279330823906
Cell355,1.1852276100042027
Cell356,0.0
Cell357,0.0
Cell358,0.9231861617364452
Cell359,0.0
Cell360,0.14571572765735036
Cell361,0.3768239875629763
Cell362,1.601327004310452
Cell363,0.0
Cell364,0.5235868158745863
Cell365,0.16569297864895582
Cell366,0.4522553759724542
Cell367,0.0
Cell368,0.0
Cell369,1.1410790909079074
Cell370,0.0
Cell371,1.6484901381015808
Cell372,0.34267108893001624
Cell373,0.0
Cell374,0.0
Cell375,0.0
Cell376,0.0
Cell377,0.5098963028082113
Cell378,0.7360975016223398
Cell379,1.3595240205102568
Cell380,1.755831251235232
Cell381,0.0
Cell382,0.0
Cell383,0.0
Cell384,0.8615098186799977
Cell385,1.7472848535170455
Cell386,2.1387121133864504
Cell387,0.0
Cell388,0.0
Cell389,0.908473574911815
Cell390,1.547897415773333
Cell391,0.4220386893746302
Cell392,0.9301722777845315
Cell393,0.8368189954070072
Cell394,1.2274222942497024
Cell395,1.0324444385164269
Cell396,1.9659921995632286
Cell397,0.23480976433703374
Cell398,0.12586674959496402
Cell399,1.289247081667891
Cell400,1.2753713597066834
Cell401,0.8266044323513143
Cell402,1.0566417373898582
Cell403,0.419142821820881
Cell404,0.6023362113583195
Cell405,0.0
Cell406,1.0845899454419958
Cell407,0.0
Cell408,0.0
Cell409,0.6243288183156923
Cell410,0.0
Cell411,0.7125010202256721
Cell412,0.0
Cell413,0.11373734427793082
Cell414,0.32190803799733864
Cell415,0.37656462174269784
Cell416,1.1316847901389242
Cell417,0.0
Cell418,0.37859557715740416
Cell419,0.8909927280281242
Cell420,0.0
Cell421,0.24736152098111147
Cell422,2.328730078297375
Cell423,0.0
Cell424,0.0
Cell425,1.1512807277767552
Cell426,0.3576885234607155
Cell427,0.7119951580410016
Cell428,0.0
Cell429,1.6393260361416324
Cell430,0.0
Cell431,1.369300829519368
Cell432,0.5518952365361054
Cell433,1.1892074426317005
Cell434,0.49839958694794745
Cell435,1.124192215339555
Cell436,0.0
Cell437,0.0
Cell438,1.1254262968398605
Cell439,0.05394622330713238
Cell440,0.5427171013499494
Cell441,1.7316683216462552
Cell442,0.0
Cell443,0.0
Cell444,0.0
Cell445,1.170341672339564
Cell446,1.4353590182938076
Cell447,0.0
Cell448,0.07308229143485462
Cell449,0.6492127710304134
Cell450,0.8191247140198109
Cell451,0.0
Cell452,1.2046986951674552
Cell453,0.7746885120820839
Cell454,2.084848008100643
Cell455,0.0
Cell456,0.8589331374616701
Cell457,0.0
Cell458,0.8978407499179081
Cell459,0.0
Cell460,0.2521685273103891
Cell461,1.3092859683787885
Cell462,0.48552420709539373
Cell463,0.0
Cell464,0.8030276518719196
Cell465,0.775245142649981
Cell466,0.9853919790653161
Cell467,0.0
Cell468,0.5796269726317601
Cell469,1.401608974589849
Cell470,0.48477308260987745
Cell471,0.0
Cell472,0.8475475774188203
Cell473,0.46150792935474494
Cell474,0.35429635408082527
Cell475,1.3041041896946473
Cell476,0.39784812513673184
Cell477,0.1410285378683884
Cell478,0.22558240238093313
Cell479,0.8300037542599833
Cell480,0.580463065670743
Cell481,1.455927155826403
Cell482,0.560367217842831
Cell483,1.7192134169848723
Cell484,0.0
Cell485,1.4446228295309893
Cell486,0.1632580956658291
Cell487,0.6636961668496025
Cell488,1.3989172042376943
Cell489,0.9339263980267127
Cell490,0.0
Cell491,1.0704868588108827
Cell492,0.0
Cell493,0.9050072289319895
Cell494,0.0
Cell495,1.391040111289749
Cell496,1.0747628882897693
Cell497,0.0
Cell498,0.4300677498366776
Cell499,1.5166128584390375
Cell500,12.573139245632925
Cell501,12.284223608887256
Cell502,12.975385164184654
Cell503,13.780870334157488
Cell504,11.98519443464788
Cell505,13.372962701158261
Cell506,13.98584367116935
Cell507,12.418324604153234
Cell508,11.968634347861025
Cell509,13.926713012715295
Cell510,10.812167716945616
Cell511,12.801642064650446
Cell512,12.807743633281584
Cell513,11.230478542124107
Cell514,12.865263456118868
Cell515,13.1516555575686
Cell516,13.780870334157488
Cell517,12.89118737030963
Cell518,10.582212302446408
Cell519,12.846058774105915
Cell520,11.00745988683124
Cell521,13.130115015557598
Cell522,14.077634133723736
Cell523,13.357198623042665
Cell524,12.846058774105915
Cell525,12.39177828684047
Cell526,13.299610434145992
Cell527,13.409310826316212
Cell528,12.354644587395148
Cell529,13.780870334157488
Cell530,12.977746294797573
Cell531,12.29369292736316
Cell532,12.71059393537573
Cell533,12.650344906574398
Cell534,11.96947905063918
Cell535,14.002165313513828
Cell536,14.277170572847172
Cell537,11.656309016662343
Cell538,11.664214470534873
Cell539,11.485784050280678
Cell540,13.412571595570425
Cell541,12.36775885820821
Cell542,11.209586641639687
Cell543,11.746869578366105
Cell544,12.368463123174456
Cell545,13.2529989647846
Cell546,14.012970549606633
Cell547,12.472379111202128
Cell548,13.531068707255324
Cell549,12.180277467748722
Cell550,12.680003399242668
Cell551,12.231764968212858
Cell552,13.76511455380529
Cell553,13.173951108680999
Cell554,13.169340384791916
Cell555,12.230749586812506
Cell556,13.020011138924696
Cell557,11.978361783884177
Cell558,11.620194048243562
Cell559,12.092759515343827
Cell560,11.97881812514415
Cell561,12.639874510392865
Cell562,13.75828450693642
Cell563,12.627220348012143
Cell564,12.117832838819009
Cell565,11.647691765312402
Cell566,12.94158201058794
Cell567,12.720525629072297
Cell568,11.230478542124107
Cell569,13.326751886435517
Cell570,13.592710143536312
Cell571,13.105674081622062
Cell572,11.72271395041647
Cell573,12.606126207897686
Cell574,13.780870334157488
Cell575,12.256740373226016
Cell576,13.665069945558578
Cell577,12.809684872865923
Cell578,13.780870334157488
Cell579,11.986157754695329
Cell580,12.366372999711906
Cell581,12.469294574900013
Cell582,13.01417785358532
Cell583,13.92615476444841
Cell584,12.262602762596726
Cell585,13.294127933052389
Cell586,12.86131090129779
Cell587,12.487212806876373
Cell588,12.562473369045849
Cell589,13.601703768940203
Cell590,12.513101045537379
Cell591,12.706226054301698
Cell592,11.230478542124107
Cell593,12.861036371744301
Cell594,12.614746878867335
Cell595,12.591758518412272
Cell596,12.47498389914801
Cell597,12.969437416576033
Cell598,10.854045200397774
Cell599,11.115556821285681
Cell600,12.278904604411164
Cell601,14.22276084648038
Cell602,14.005808814160206
Cell603,11.010077353148263
Cell604,11.728873080722552
Cell605,13.748342801512223
Cell606,14.337040277359211
Cell607,12.781663666037671
Cell608,12.48586540141404
Cell609,12.868895478560416
Cell610,13.201279834084637
Cell611,12.62969873130347
Cell612,12.051458432401107
Cell613,13.336377122598815
Cell614,12.518222855964439
Cell615,12.123419537830573
Cell616,13.190074031604842
Cell617,13.312297597002464
Cell618,13.708699245418286
Cell619,13.662528018306569
Cell620,11.887267403459857
Cell621,10.804693405095017
Cell622,13.048356337600797
Cell623,12.611597902548649
Cell624,13.395800640879525
Cell625,12.982923104717132
Cell626,11.378997288512199
Cell627,12.384836100652361
Cell628,12.012818505503898
Cell629,12.300207957222721
Cell630,12.80607714082991
Cell631,13.193813735169716
Cell632,11.853067344410658
Cell633,11.29372759739898
Cell634,11.951599564126985
Cell635,13.367487305557551
Cell636,12.046877310820939
Cell637,11.230478542124107
Cell638,11.323370494085617
Cell639,12.270220578889186
Cell640,12.59342848491197
Cell641,12.32687052582902
Cell642,11.824459874210913
Cell643,12.508544545840397
Cell644,11.282569749169973
Cell645,11.61033734915362
Cell646,11.972520614499226
Cell647,12.487212806876373
Cell648,11.774095283047323
Cell649,12.916849480652418
Cell650,10.746772445605208
Cell651,12.340958426129415
Cell652,12.985242093499409
Cell653,13.381661148502722
Cell654,14.303818764592181
Cell655,13.780870334157488
Cell656,13.169983597341052
Cell657,11.539102002705157
Cell658,13.688256486598421
Cell659,11.230478542124107
Cell660,13.54328987240187
Cell661,13.596091444808607
Cell662,12.540442498987707
Cell663,13.390201357000564
Cell664,13.175199921651991
Cell665,12.250213518103026
Cell666,13.057739238724885
Cell667,12.997796929571384
Cell668,13.780870334157488
Cell669,11.299784539793771
Cell670,12.58304285364893
Cell671,13.33502594592555
Cell672,13.565143866278403
Cell673,12.066252251924052
Cell674,12.640982471630272
Cell675,11.422829575944514
Cell676,11.517974112939788
Cell677,13.706582563750935
Cell678,12.598830185538246
Cell679,12.157521173080495
Cell680,13.615179518030114
Cell681,12.999551789943654
Cell682,14.299440829083466
Cell683,11.631154979017145
Cell684,13.099835871273042
Cell685,11.57654707248684
Cell686,11.230478542124107
Cell687,11.974246740514667
Cell688,11.284137600804167
Cell689,13.03733524595885
Cell690,12.248187473749859
Cell691,12.539626503145284
Cell692,13.09185739609366
Cell693,13.42175333845555
Cell694,12.350578343401779
Cell695,12.3178586832074
Cell696,13.041538405702923
Cell697,13.159834524783129
Cell698,12.849466879124163
Cell699,11.900995096825344
Cell700,11.646966589716557
Cell701,12.342179632246262
Cell702,12.05727645326151
Cell703,11.96143958581915
Cell704,13.192736983675815
Cell705,11.457659673669044
Cell706,12.528220748173007
Cell707,13.2586918976412
Cell708,11.987779674820954
Cell709,12.886827310457445
Cell710,13.805225685451155
Cell711,12.502010567714393
Cell712,11.776568807706244
Cell713,13.99949738921558
Cell714,12.310390879854682
Cell715,14.147742548640029
Cell716,12.94847117577094
Cell717,11.601004504788298
Cell718,12.325849969977016
Cell719,12.104694542072252
Cell720,12.428086150641159
Cell721,11.340835381806924
Cell722,14.215342657810261
Cell723,12.558870074510304
Cell724,13.43701488840723
Cell725,11.612470603515957
Cell726,12.025236002250901
Cell727,10.813379794596276
Cell728,13.133184573997587
Cell729,11.438788513159635
Cell730,12.342216693887622
Cell731,12.149220392652053
Cell732,12.921054377553666
Cell733,11.649101896073383
Cell734,11.843757392983616
Cell735,12.991544792018244
Cell736,11.538096765607479
Cell737,14.051501173610928
Cell738,13.121484104077455
Cell739,12.279776856125146
Cell740,12.81212026972167
Cell741,12.555933120793881
Cell742,12.569862731098892
Cell743,12.999240216972229
Cell744,11.850000534656301
Cell745,11.235592125582894
Cell746,12.392856781996851
Cell747,13.24659222067054
Cell748,11.584837470769745
Cell749,11.83842224900263
Cell750,13.198971708298902
Cell751,12.629438070878804
Cell752,13.896285574223855
Cell753,12.717161309137037
Cell754,11.520785109449942
Cell755,13.163516851911835
Cell756,11.230478542124107
Cell757,11.230478542124107
Cell758,13.13979495853238
Cell759,13.440721129198906
Cell760,13.031893446117344
Cell761,13.057739238724885
Cell762,13.274317957310894
Cell763,13.723269672089524
Cell764,13.529698274932581
Cell765,12.02930987244606
Cell766,11.882972889983524
Cell767,13.054173456915592
Cell768,12.08773469061189
Cell769,12.060299350461294
Cell770,14.398255979423952
Cell771,11.757996743839511
Cell772,13.207242884390604
Cell773,11.857069617577373
Cell774,12.537620455205344
Cell775,12.62987289592707
Cell776,11.129365795221759
Cell777,13.678678713571944
Cell778,11.862814166978938
Cell779,11.490194135001227
Cell780,11.164338181127093
Cell781,12.429310373725201
Cell782,12.667932945036819
Cell783,13.780870334157488
Cell784,11.973103938283998
Cell785,12.90041394708596
Cell786,12.67721262568924
Cell787,12.282033230789926
Cell788,12.592961443796531
Cell789,10.979114979220423
Cell790,12.739612241158891
Cell791,12.638432333164381
Cell792,13.267521686954035
Cell793,13.780870334157488
Cell794,11.182017328024454
Cell795,11.643762319776656
Cell796,12.552026903242611
Cell797,13.478315983515749
Cell798,12.69904990311798
Cell799,13.279768379916652
Cell800,13.452322092994306
Cell801,12.017542067413789
Cell802,11.519181312172899
Cell803,11.374385659700927
Cell804,12.639053038579963
Cell805,14.23892566516688
Cell806,12.025132625692418
Cell807,12.249643900387321
Cell808,12.578049860389912
Cell809,11.727227174459534
Cell810,13.780870334157488
Cell811,13.610083617817594
Cell812,12.78432997993852
Cell813,12.738310599810461
Cell814,11.255864943291296
Cell815,13.780870334157488
Cell816,12.215206369354979
Cell817,13.780870334157488
Cell818,13.5165710520978
Cell819,13.196417949515329
Cell820,11.655419874089779
Cell821,11.230478542124107
Cell822,12.818027666887476
Cell823,12.825335499837061
Cell824,11.762329139472651
Cell825,14.135065972907077
Cell826,13.768068260189015
Cell827,10.793591741200109
Cell828,12.05737305432214
Cell829,10.745342941725148
Cell830,12.212657462432356
Cell831,12.490066782940124
Cell832,12.209954846562285
Cell833,13.209159363524316
Cell834,12.598994374757831
Cell835,12.110642465448564
Cell836,11.230478542124107
Cell837,10.921105572222832
Cell838,12.394692427650643
Cell839,11.063194425802738
Cell840,13.429302102586155
Cell841,13.233705844053928
Cell842,13.751398793443565
Cell843,13.096024995905589
Cell844,12.719391199345468
Cell845,12.299196424874326
Cell846,12.356587705397441
Cell847,13.22791321512947
Cell848,12.909462537445782
Cell849,11.3899703579919
Cell850,10.87873728587746
Cell851,12.908603773149727
Cell852,14.143910602675257
Cell853,13.619496965149175
Cell854,12.236782686715575
Cell855,12.402381654939182
Cell856,12.966769231458626
Cell857,13.309470978712504
Cell858,12.73115836332841
Cell859,12.008406204027324
Cell860,12.312384639108128
Cell861,11.857872687125859
Cell862,11.709865700354754
Cell863,11.338099726384154
Cell864,12.336158275072794
Cell865,11.764827055557491
Cell866,12.923182627548089
Cell867,12.487212806876373
Cell868,13.189657139061817
Cell869,13.288799063621541
Cell870,13.153589338763629
Cell871,11.80337366228211
Cell872,11.397142982755701
Cell873,12.74966791012699
Cell874,11.533341898103869
Cell875,12.49716635573415
Cell876,12.211203737009619
Cell877,11.833747995276765
Cell878,12.36562188763084
Cell879,13.004356858158715
Cell880,13.711647370615124
Cell881,11.859375364211798
Cell882,13.221379988906072
Cell883,11.138451570557937
Cell884,11.816824915038534
Cell885,13.221379988906072
Cell886,12.363826247441065
Cell887,12.041008953072987
Cell888,12.852802071427265
Cell889,12.14322455363273
Cell890,13.744115574832767
Cell891,12.259666067490581
Cell892,12.070941963510766
Cell893,10.85523045845231
Cell894,13.141149979208722
Cell895,12.809966372329272
Cell896,13.43104709939807
Cell897,13.111527921243544
Cell898,12.519747539075086
Cell899,13.080897386345082
Cell900,13.082849268478666
Cell901,13.455521684757276
Cell902,13.50387336666738
Cell903,13.808330196435087
Cell904,11.895793755737131
Cell905,11.053549775852526
Cell906,12.500365858206
Cell907,12.190153527171153
Cell908,10.893153950558654
Cell909,13.331195942870805
Cell910,13.548604891541407
Cell911,11.48694753962577
Cell912,13.322537411987197
Cell913,11.95806070189396
Cell914,11.519434629262708
Cell915,12.594814633367998
Cell916,13.137068301464279
Cell917,11.540148453940922
Cell918,12.981989958357302
Cell919,11.235346735447655
Cell920,12.916406632318669
Cell921,13.677953138303174
Cell922,13.780870334157488
Cell923,13.780870334157488
Cell924,11.976458024746773
Cell925,12.364356182615866
Cell926,14.036507924109248
Cell927,11.230478542124107
Cell928,11.965797859627953
Cell929,11.065930837381718
Cell930,11.653805477474181
Cell931,11.514591963504394
Cell932,13.63530960574915
Cell933,11.604376850886496
Cell934,13.91825666446434
Cell935,11.837781484478754
Cell936,13.108919080777696
Cell937,11.847020764261378
Cell938,14.373357052064744
Cell939,11.494563490192123
Cell940,11.909452075362482
Cell941,11.74231143517418
Cell942,13.127188020314572
Cell943,13.397083175731762
Cell944,12.017542067413789
Cell945,14.114200790156621
Cell946,11.412428943085589
Cell947,12.139005302701774
Cell948,12.470808843705214
Cell949,14.349604819635232
Cell950,13.339056877790442
Cell951,12.44617246281917
Cell952,11.414704988344212
Cell953,11.017984603877634
Cell954,12.847997231872151
Cell955,13.856043319827574
Cell956,11.527285703830541
Cell957,12.010444614519491
Cell958,13.473121822399904
Cell959,12.34136048803994
Cell960,12.139450738546627
Cell961,11.421048702856016
Cell962,12.77786698758289
Cell963,12.627220348012143
Cell964,14.046237623746713
Cell965,13.085568514975222
Cell966,13.035158536104204
Cell967,12.54581229529704
Cell968,12.632334597830729
Cell969,13.216038151744987
Cell970,12.673035842804289
Cell971,13.279368263173152
Cell972,13.150171187232733
Cell973,12.301740488657057
Cell974,13.41159583505779
Cell975,11.93910131220417
Cell976,13.432908670106999
Cell977,11.494398441989633
Cell978,13.667725287567029
Cell979,12.567589848072995
Cell980,11.984012923091843
Cell981,11.364319652893808
Cell982,13.690659117392402
Cell983,11.945795188306253
Cell984,11.693978421067296
Cell985,12.202604497491853
Cell986,13.509525851671944
Cell987,12.201757780183108
Cell988,11.230478542124107
Cell989,13.055019780399427
Cell990,11.72415001989141
Cell991,13.41765218819301
Cell992,12.269990975480116
Cell993,11.95253207031721
Cell994,12.980863728129806
Cell995,12.886827310457445
Cell996,11.897420827355894
Cell997,12.500544683551272
Cell998,11.478741093644716
Cell999,12.6824933225158
Cell1000,29.152424516298428
Cell1001,29.152424516298428
Cell1002,29.152424516298428
Cell1003,29.152424516298428
Cell1004,28.57698956334566
Cell1005,28.693380161304397
Cell1006,28.391462542094253
Cell1007,29.152424516298428
Cell1008,28.889471590060655
Cell1009,27.151989237175545
Cell1010,28.53460411833247
Cell1011,27.952812444474837
Cell1012,29.152424516298428
Cell1013,28.928800433749256
Cell1014,28.37388725724419
Cell1015,29.152424516298428
Cell1016,29.152424516298428
Cell1017,29.152424516298428
Cell1018,29.13725681745717
Cell1019,29.152424516298428
Cell1020,28.214934375356815
Cell1021,29.152424516298428
Cell1022,27.63831627116157
Cell1023,29.152424516298428
Cell1024,28.837509961148893
Cell1025,29.152424516298428
Cell1026,27.77010839730028
Cell1027,29.152424516298428
Cell1028,29.152424516298428
Cell1029,28.080362775163252
Cell1030,27.600297034084964
Cell1031,28.24454121011179
Cell1032,29.152424516298428
Cell1033,29.152424516298428
Cell1034,28.58627590820703
Cell1035,28.737045634864398
Cell1036,28.74787806315222
Cell1037,29.009919911050037
Cell1038,27.65881009497909
Cell1039,29.087884524625565
Cell1040,28.309843762565908
Cell1041,27.651490023652634
Cell1042,27.514895910999883
Cell1043,28.785403957766743
Cell1044,29.152424516298428
Cell1045,28.49803092031689
Cell1046,29.152424516298428
Cell1047,29.152424516298428
Cell1048,28.03970314681503
Cell1049,27.547681265892063
Cell1050,29.152424516298428
Cell1051,27.074412363472653
Cell1052,27.997560076640536
Cell1053,28.651574319920595
Cell1054,29.152424516298428
Cell1055,29.152424516298428
Cell1056,29.152424516298428
Cell1057,28.082653576154133
Cell1058,27.46220443977922
Cell1059,28.79981839310055
Cell1060,27.818143650889393
Cell1061,28.550656968896078
Cell1062,29.152424516298428
Cell1063,28.852219408561485
Cell1064,29.152424516298428
Cell1065,29.152424516298428
Cell1066,28.846747360839476
Cell1067,28.012169226340184
Cell1068,27.367685367140453
Cell1069,27.294945153730534
Cell1070,28.178663990192646
Cell1071,29.0273628704905
Cell1072,29.152424516298428
Cell1073,29.152424516298428
Cell1074,28.418604553679664
Cell1075,28.8293767593218
Cell1076,29.152424516298428
Cell1077,29.152424516298428
Cell1078,27.35537847900524
Cell1079,28.126394661874087
Cell1080,29.14280533834531
Cell1081,29.152424516298428
Cell1082,29.152424516298428
Cell1083,27.976454229546892
Cell1084,28.374161264172308
Cell1085,28.054126371399
Cell1086,29.152424516298428
Cell1087,28.773108604441642
Cell1088,29.152424516298428
Cell1089,28.850844277947427
Cell1090,29.152424516298428
Cell1091,29.152424516298428
Cell1092,28.09523280549012
Cell1093,29.152424516298428
Cell1094,29.152424516298428
Cell1095,29.152424516298428
Cell1096,27.694042369895257
Cell1097,29.118613843306687
Cell1098,29.152424516298428
Cell1099,28.520646250450227
Cell1100,27.49406021969079
Cell1101,27.326155591290696
Cell1102,29.152424516298428
Cell1103,28.974386692190496
Cell1104,27.71491223790696
Cell1105,28.076853752436385
Cell1106,27.851387208137535
Cell1107,27.705578154081895
Cell1108,29.152424516298428
Cell1109,28.377767139418932
Cell1110,28.899600924145265
Cell1111,28.10513440842909
Cell1112,29.152424516298428
Cell1113,27.980861930633573
Cell1114,27.738056295572342
Cell1115,28.782282821161157
Cell1116,29.152424516298428
Cell1117,28.333029311291526
Cell1118,29.152424516298428
Cell1119,29.152424516298428
Cell1120,28.831603970201396
Cell1121,28.59223374105333
Cell1122,29.152424516298428
Cell1123,27.049315589555533
Cell1124,29.152424516298428
Cell1125,28.363266182613273
Cell1126,27.873533275372495
Cell1127,29.152424516298428
Cell1128,29.152424516298428
Cell1129,28.15973141950638
Cell1130,27.740676090659104
Cell1131,28.777869831497288
Cell1132,28.111589540416237
Cell1133,28.063620508577827
Cell1134,29.152424516298428
Cell1135,27.050096369367484
Cell1136,28.349979840233402
Cell1137,27.39778058725775
Cell1138,29.152424516298428
Cell1139,28.627116460295106
Cell1140,28.606785449249486
Cell1141,27.309971012781045
Cell1142,29.152424516298428
Cell1143,27.783966783818695
Cell1144,29.027703684662875
Cell1145,28.68251522868762
Cell1146,29.152424516298428
Cell1147,28.28619088414136
Cell1148,29.152424516298428
Cell1149,29.152424516298428
Cell1150,28.71483944422622
Cell1151,29.14454115671173
Cell1152,27.15017426270293
Cell1153,28.238548768480584
Cell1154,28.423692392637403
Cell1155,28.507764788481886
Cell1156,28.146724178261444
Cell1157,28.486232234516518
Cell1158,28.656753264213805
Cell1159,29.054447373057776
Cell1160,28.90663236526096
Cell1161,28.842878374443544
Cell1162,29.152424516298428
Cell1163,27.392363873475553
Cell1164,29.152424516298428
Cell1165,28.867201953057652
Cell1166,29.152424516298428
Cell1167,29.152424516298428
Cell1168,29.152424516298428
Cell1169,29.152424516298428
Cell1170,28.590810485930607
Cell1171,29.152424516298428
Cell1172,28.485017075948893
Cell1173,27.6287241671589
Cell1174,28.67484176239161
Cell1175,29.152424516298428
Cell1176,29.152424516298428
Cell1177,28.781633310262688
Cell1178,29.02712896201714
Cell1179,28.11061862277166
Cell1180,27.95424775957663
Cell1181,27.984031007616316
Cell1182,28.125153727262944
Cell1183,29.152424516298428
Cell1184,29.152424516298428
Cell1185,29.152424516298428
Cell1186,28.30222067029126
Cell1187,28.278493917594684
Cell1188,28.89987225720012
Cell1189,28.20643617861762
Cell1190,28.199130145415243
Cell1191,29.152424516298428
Cell1192,29.152424516298428
Cell1193,29.07248290851766
Cell1194,29.152424516298428
Cell1195,29.152424516298428
Cell1196,29.152424516298428
Cell1197,28.768889802264173
Cell1198,28.582061261181718
Cell1199,29.152424516298428
Cell1200,29.152424516298428
Cell1201,29.152424516298428
Cell1202,27.183709247143874
Cell1203,29.152424516298428
Cell1204,29.152424516298428
Cell1205,27.769156008606245
Cell1206,27.324368993237243
Cell1207,28.090742547807775
Cell1208,29.152424516298428
Cell1209,27.996316198364145
Cell1210,28.65315939086522
Cell1211,28.97507681801478
Cell1212,29.152424516298428
Cell1213,28.230545462723626
Cell1214,28.233091970134197
Cell1215,29.152424516298428
Cell1216,28.503983753648356
Cell1217,28.047335066484802
Cell1218,29.152424516298428
Cell1219,27.688039236030473
Cell1220,29.152424516298428
Cell1221,29.152424516298428
Cell1222,27.828659270954084
Cell1223,29.152424516298428
Cell1224,28.823860341163336
Cell1225,27.81855634833475
Cell1226,29.133774915051898
Cell1227,29.152424516298428
Cell1228,27.64006328434326
Cell1229,29.152424516298428
Cell1230,29.09449915870007
Cell1231,28.874646317296524
Cell1232,29.152424516298428
Cell1233,29.152424516298428
Cell1234,28.829060003580558
Cell1235,29.152424516298428
Cell1236,29.152424516298428
Cell1237,27.268045213148504
Cell1238,29.152424516298428
Cell1239,28.867859745912817
Cell1240,29.117174918577565
Cell1241,28.2329282021723
Cell1242,28.97095711073031
Cell1243,27.501793214891784
Cell1244,29.152424516298428
Cell1245,29.152424516298428
Cell1246,29.095687207777072
Cell1247,28.22072936809561
Cell1248,28.703986075880383
Cell1249,27.097457583565827
Cell1250,28.09016178585507
Cell1251,29.152424516298428
Cell1252,28.292929352290383
Cell1253,29.152424516298428
Cell1254,27.284352772351635
Cell1255,28.71416845825544
Cell1256,29.152424516298428
Cell1257,29.152424516298428
Cell1258,29.152424516298428
Cell1259,28.057457173681744
Cell1260,28.96797018787555
Cell1261,29.152424516298428
Cell1262,29.152424516298428
Cell1263,28.759845261292586
Cell1264,28.254200731378997
Cell1265,28.890393340985568
Cell1266,27.952217204813874
Cell1267,29.152424516298428
Cell1268,27.614473538922503
Cell1269,29.010463868282734
Cell1270,27.520288574487687
Cell1271,29.152424516298428
Cell1272,28.39184107899334
Cell1273,29.072163578553077
Cell1274,27.636349466231863
Cell1275,29.062902468754753
Cell1276,27.46250429098063
Cell1277,28.51554659502974
Cell1278,29.152424516298428
Cell1279,29.152424516298428
Cell1280,27.24883572006293
Cell1281,29.152424516298428
Cell1282,29.152424516298428
Cell1283,28.486449450748225
Cell1284,29.152424516298428
Cell1285,29.152424516298428
Cell1286,28.690699802166428
Cell1287,27.735826089054193
Cell1288,27.724870863710244
Cell1289,29.152424516298428
Cell1290,29.152424516298428
Cell1291,28.202416531637528
Cell1292,28.976115302880192
Cell1293,28.481617519148525
Cell1294,29.082909636299537
Cell1295,29.152424516298428
Cell1296,28.507800344387398
Cell1297,28.400213494284767
Cell1298,29.152424516298428
Cell1299,27.80804549571142
Cell1300,28.36349162698489
Cell1301,29.152424516298428
Cell1302,29.152424516298428
Cell1303,29.152424516298428
Cell1304,28.570749999860567
Cell1305,28.296648460788408
Cell1306,29.152424516298428
Cell1307,28.448114009560776
Cell1308,29.152424516298428
Cell1309,27.460565945566746
Cell1310,27.902193270266586
Cell1311,28.67055044107112
Cell1312,27.375105922969556
Cell1313,27.717226964546814
Cell1314,29.152424516298428
Cell1315,29.152424516298428
Cell1316,27.43109733802687
Cell1317,28.95280471357177
Cell1318,28.357823748965366
Cell1319,28.380273316939817
Cell1320,28.821720509781223
Cell1321,29.152424516298428
Cell1322,29.010966578230597
Cell1323,28.074891882798855
Cell1324,29.152424516298428
Cell1325,28.864049442666545
Cell1326,27.926557361372858
Cell1327,29.152424516298428
Cell1328,29.152424516298428
Cell1329,29.152424516298428
Cell1330,28.97743545191646
Cell1331,27.985801899401682
Cell1332,29.152424516298428
Cell1333,28.276502949765074
Cell1334,27.541170173993397
Cell1335,28.906920488085174
Cell1336,28.52053080991381
Cell1337,27.854279252081405
Cell1338,28.199016057623737
Cell1339,29.152424516298428
Cell1340,28.568221942717518
Cell1341,29.152424516298428
Cell1342,27.941113860385965
Cell1343,27.887097093870565
Cell1344,27.9771360798466
Cell1345,29.152424516298428
Cell1346,27.629760526629614
Cell1347,28.156445547572364
Cell1348,29.152424516298428
Cell1349,29.152424516298428
Cell1350,27.99938701443212
Cell1351,27.837632946025412
Cell1352,28.165792963570148
Cell1353,27.941492801529474
Cell1354,29.065906704761524
Cell1355,28.762600336872584
Cell1356,29.152424516298428
Cell1357,27.88359039339833
Cell1358,27.20998398658347
Cell1359,27.42743899422909
Cell1360,27.955852978637594
Cell1361,28.98420031058384
Cell1362,29.020039108199413
Cell1363,28.92277256178172
Cell1364,27.11443541004756
Cell1365,29.152424516298428
Cell1366,29.152424516298428
Cell1367,29.152424516298428
Cell1368,27.3633705534379
Cell1369,27.39989620054021
Cell1370,27.752449873001925
Cell1371,29.084420317656807
Cell1372,28.158501318555125
Cell1373,28.20591584817785
Cell1374,27.288200074403253
Cell1375,28.150201161997565
Cell1376,27.839943297217232
Cell1377,29.152424516298428
Cell1378,28.696416239079213
Cell1379,29.152424516298428
Cell1380,29.152424516298428
Cell1381,27.655972362858826
Cell1382,29.152424516298428
Cell1383,29.152424516298428
Cell1384,29.152424516298428
Cell1385,27.95698625401316
Cell1386,28.02706312468455
Cell1387,28.500201922523196
Cell1388,27.693880910958764
Cell1389,28.444214553640343
Cell1390,28.965646898624282
Cell1391,27.805958374044184
Cell1392,29.152424516298428
Cell1393,28.533250193000498
Cell1394,28.826488211336148
Cell1395,28.04080670190963
Cell1396,27.465148371235305
Cell1397,27.695162938843307
Cell1398,27.47792966103656
Cell1399,28.428074757705794
Cell1400,27.410172373278357
Cell1401,28.763757075241585
Cell1402,27.565857193954304
Cell1403,28.79394870974986
Cell1404,29.152424516298428
Cell1405,29.152424516298428
Cell1406,27.797617721893744
Cell1407,29.06187110094418
Cell1408,29.152424516298428
Cell1409,29.152424516298428
Cell1410,28.77185075713892
Cell1411,28.373198186973184
Cell1412,29.152424516298428
Cell1413,28.65442004483449
Cell1414,28.83040157129087
Cell1415,29.152424516298428
Cell1416,29.152424516298428
Cell1417,27.6800999550416
Cell1418,29.132933093761928
Cell1419,29.152424516298428
Cell1420,28.51652944619534
Cell1421,28.28658541173654
Cell1422,28.155889935203977
Cell1423,28.10663311193308
Cell1424,29.07325744777604
Cell1425,29.10572829685866
Cell1426,28.298316539009182
Cell1427,29.152424516298428
Cell1428,29.152424516298428
Cell1429,27.84402835059671
Cell1430,27.681559166895262
Cell1431,27.650764955570157
Cell1432,29.152424516298428
Cell1433,29.047606474201324
Cell1434,28.248440281129643
Cell1435,28.41093651475802
Cell1436,27.676465664337336
Cell1437,28.001824232953542
Cell1438,28.3550334279353
Cell1439,28.54225320872817
Cell1440,29.006465717803255
Cell1441,29.152424516298428
Cell1442,28.808616360048852
Cell1443,27.524637428209278
Cell1444,29.152424516298428
Cell1445,28.456394627721984
Cell1446,29.152424516298428
Cell1447,28.793972710887022
Cell1448,29.152424516298428
Cell1449,27.78802459770222
Cell1450,29.152424516298428
Cell1451,28.44303923993379
Cell1452,28.203962098770372
Cell1453,29.152424516298428
Cell1454,28.51594274185935
Cell1455,28.0252814793949
Cell1456,27.178501183265407
Cell1457,29.152424516298428
Cell1458,29.152424516298428
Cell1459,29.152424516298428
Cell1460,28.388986557270734
Cell1461,28.004567854257992
Cell1462,29.152424516298428
Cell1463,28.264429283219847
Cell1464,27.568918835395635
Cell1465,29.152424516298428
Cell1466,27.324774226430392
Cell1467,28.61661345113285
Cell1468,28.692231294774402
Cell1469,29.152424516298428
Cell1470,29.152424516298428
Cell1471,29.152424516298428
Cell1472,28.16342581656636
Cell1473,27.362303096060202
Cell1474,28.62870740105112
Cell1475,27.207198383026086
Cell1476,28.90870243549753
Cell1477,29.152424516298428
Cell1478,29.152424516298428
Cell1479,29.152424516298428
Cell1480,29.152424516298428
Cell1481,28.141872539255925
Cell1482,29.152424516298428
Cell1483,29.152424516298428
Cell1484,27.220986449809374
Cell1485,28.719502614424016
Cell1486,29.152424516298428
Cell1487,28.029429423416463
Cell1488,29.152424516298428
Cell1489,27.919534482693383
Cell1490,28.55691045845625
Cell1491,27.840771251362547
Cell1492,28.55367736701712
Cell1493,28.649589424181013
Cell1494,28.389986666786932
Cell1495,29.14473404807554
Cell1496,28.344626694038862
Cell1497,27.655412426025173
Cell1498,29.152424516298428
Cell1499,29.152424516298428
