Gene1	Gene2	EdgeWeight
Gene32	Gene32	1.0
Gene46	Gene46	1.0
Gene22	Gene22	1.0
Gene32	Gene10	1.0
Gene23	Gene23	1.0
Gene28	Gene25	1.0
Gene46	Gene23	0.999999
Gene10	Gene10	0.9999979999999999
Gene17	Gene17	0.9999889999999999
Gene31	Gene27	0.999984
Gene32	Gene49	0.999965
Gene25	Gene28	0.9999309999999999
Gene22	Gene23	0.9998950000000001
Gene2	Gene38	0.9998950000000001
Gene10	Gene46	0.999877
Gene10	Gene31	0.99985
Gene31	Gene31	0.9998020000000001
Gene31	Gene46	0.9996450000000001
Gene31	Gene48	0.9995780000000001
Gene46	Gene32	0.999549
Gene46	Gene38	0.999223
Gene10	Gene32	0.998975
Gene28	Gene28	0.998843
Gene32	Gene5	0.9987950000000001
Gene36	Gene45	0.998693
Gene16	Gene16	0.9983850000000001
Gene14	Gene19	0.998157
Gene34	Gene45	0.998064
Gene5	Gene17	0.9978959999999999
Gene17	Gene25	0.9971200000000001
Gene31	Gene18	0.9970389999999999
Gene28	Gene17	0.9963700000000001
Gene32	Gene40	0.995801
Gene46	Gene36	0.994836
Gene25	Gene30	0.994242
Gene22	Gene38	0.994088
Gene23	Gene22	0.993884
Gene32	Gene41	0.993334
Gene7	Gene26	0.992401
Gene46	Gene7	0.992049
Gene30	Gene27	0.991612
Gene32	Gene45	0.9904629999999999
Gene28	Gene39	0.989851
Gene46	Gene19	0.9891719999999999
Gene46	Gene17	0.9860479999999999
Gene23	Gene46	0.985934
Gene28	Gene23	0.9848709999999999
Gene49	Gene31	0.9837040000000001
Gene31	Gene10	0.9782790000000001
Gene17	Gene5	0.976241
Gene23	Gene16	0.9756319999999999
Gene31	Gene34	0.9704520000000001
Gene22	Gene2	0.9684229999999999
Gene28	Gene47	0.966618
Gene32	Gene48	0.941681
Gene2	Gene22	0.9405020000000001
Gene46	Gene5	0.9265700000000001
Gene17	Gene43	0.9226040000000001
Gene49	Gene26	0.912802
Gene23	Gene43	0.9067139999999999
Gene25	Gene5	0.9066049999999999
Gene28	Gene21	0.9036200000000001
Gene17	Gene28	0.902832
Gene47	Gene0	0.899776
Gene2	Gene26	0.8927879999999999
Gene28	Gene38	0.883691
Gene6	Gene32	0.882915
Gene15	Gene27	0.881466
Gene46	Gene34	0.868933
Gene16	Gene2	0.854367
Gene25	Gene49	0.852382
Gene16	Gene1	0.843864
Gene31	Gene19	0.840519
Gene49	Gene38	0.838202
Gene25	Gene1	0.8298629999999999
Gene17	Gene7	0.826161
Gene16	Gene23	0.823548
Gene24	Gene26	0.816405
Gene23	Gene2	0.813182
Gene25	Gene38	0.809027
Gene44	Gene23	0.803764
Gene12	Gene26	0.7966850000000001
Gene28	Gene5	0.79523
Gene36	Gene23	0.793446
Gene36	Gene18	0.792349
Gene17	Gene16	0.790413
Gene31	Gene32	0.789067
Gene41	Gene22	0.786392
Gene31	Gene40	0.7848890000000001
Gene46	Gene0	0.772066
Gene29	Gene32	0.7713270000000001
Gene41	Gene26	0.7699010000000001
Gene46	Gene45	0.766642
Gene36	Gene7	0.760578
Gene16	Gene17	0.758328
Gene20	Gene23	0.7535390000000001
Gene22	Gene1	0.7446119999999999
Gene16	Gene5	0.733686
Gene43	Gene17	0.7329439999999999
Gene25	Gene29	0.732176
Gene33	Gene38	0.732174
Gene9	Gene27	0.730063
Gene22	Gene7	0.727679
Gene7	Gene17	0.720246
Gene30	Gene28	0.718528
Gene7	Gene8	0.714482
Gene25	Gene4	0.712288
Gene5	Gene33	0.697217
Gene16	Gene19	0.692684
Gene10	Gene13	0.690283
Gene41	Gene23	0.682309
Gene2	Gene27	0.6800579999999999
Gene28	Gene27	0.6621630000000001
Gene28	Gene41	0.6612140000000001
Gene9	Gene35	0.65897
Gene46	Gene30	0.656729
Gene23	Gene35	0.6559510000000001
Gene5	Gene1	0.644921
Gene20	Gene45	0.643225
Gene31	Gene24	0.642554
Gene9	Gene45	0.632015
Gene25	Gene17	0.613677
Gene20	Gene22	0.611834
Gene48	Gene25	0.605353
Gene46	Gene18	0.603846
Gene25	Gene9	0.5990810000000001
Gene7	Gene22	0.596201
Gene8	Gene46	0.5896279999999999
Gene44	Gene47	0.5856020000000001
Gene28	Gene29	0.582386
Gene32	Gene6	0.5823510000000001
Gene29	Gene28	0.5744319999999999
Gene32	Gene23	0.5723689999999999
Gene6	Gene23	0.5687770000000001
Gene23	Gene1	0.560375
Gene43	Gene1	0.5571520000000001
Gene32	Gene16	0.556535
Gene32	Gene1	0.55493
Gene35	Gene45	0.554307
Gene34	Gene27	0.552588
Gene28	Gene31	0.5431729999999999
Gene48	Gene10	0.537736
Gene46	Gene49	0.5353
Gene32	Gene12	0.5299659999999999
Gene25	Gene27	0.529308
Gene14	Gene26	0.5286529999999999
Gene25	Gene33	0.526144
Gene48	Gene18	0.51753
Gene25	Gene10	0.516782
Gene31	Gene47	0.513257
Gene49	Gene19	0.504942
Gene1	Gene2	0.49759799999999993
Gene41	Gene3	0.48745299999999997
Gene43	Gene22	0.48200699999999996
Gene25	Gene26	0.481404
Gene34	Gene14	0.46217700000000006
Gene0	Gene38	0.45255500000000004
Gene34	Gene7	0.449113
Gene31	Gene41	0.43538699999999997
Gene41	Gene5	0.43381899999999995
Gene32	Gene28	0.43191499999999994
Gene41	Gene41	0.425281
Gene9	Gene19	0.42392700000000005
Gene5	Gene5	0.419047
Gene49	Gene32	0.418633
Gene25	Gene39	0.413641
Gene46	Gene21	0.41255299999999995
Gene41	Gene38	0.41182700000000005
Gene41	Gene32	0.41054700000000005
Gene10	Gene20	0.408779
Gene34	Gene38	0.408656
Gene1	Gene22	0.40721599999999997
Gene44	Gene19	0.402814
Gene17	Gene33	0.401725
Gene5	Gene28	0.401537
Gene48	Gene48	0.399337
Gene41	Gene4	0.398771
Gene32	Gene31	0.39602
Gene48	Gene35	0.392196
Gene25	Gene16	0.391074
Gene7	Gene28	0.390554
Gene5	Gene39	0.38672199999999995
Gene30	Gene40	0.38625
Gene14	Gene45	0.38323
Gene41	Gene28	0.38208400000000003
Gene46	Gene35	0.38043499999999997
Gene20	Gene25	0.379904
Gene1	Gene23	0.375801
Gene31	Gene20	0.37456300000000003
Gene22	Gene16	0.373925
Gene43	Gene19	0.37135999999999997
Gene9	Gene26	0.37066
Gene17	Gene38	0.36857399999999996
Gene20	Gene15	0.368515
Gene23	Gene0	0.36795
Gene28	Gene40	0.366597
Gene3	Gene1	0.365349
Gene10	Gene49	0.36480799999999997
Gene48	Gene26	0.362716
Gene0	Gene5	0.362036
Gene14	Gene28	0.36154899999999995
Gene31	Gene17	0.359848
Gene22	Gene35	0.359471
Gene43	Gene3	0.353042
Gene34	Gene44	0.350692
Gene23	Gene40	0.345827
Gene13	Gene35	0.34372800000000003
Gene46	Gene40	0.341948
Gene36	Gene6	0.341586
Gene0	Gene33	0.340787
Gene41	Gene13	0.338997
Gene28	Gene22	0.338914
Gene28	Gene7	0.338491
Gene36	Gene30	0.338273
Gene7	Gene34	0.334493
Gene48	Gene30	0.33224000000000004
Gene1	Gene1	0.328651
Gene41	Gene46	0.32786
Gene34	Gene17	0.325989
Gene41	Gene15	0.32321300000000003
Gene7	Gene33	0.321878
Gene39	Gene16	0.321861
Gene27	Gene19	0.318705
Gene12	Gene22	0.31806
Gene18	Gene27	0.317914
Gene3	Gene39	0.316304
Gene2	Gene1	0.315303
Gene39	Gene5	0.314946
Gene48	Gene42	0.31382600000000005
Gene25	Gene31	0.310367
Gene28	Gene32	0.305742
Gene6	Gene22	0.305229
Gene17	Gene20	0.304836
Gene29	Gene47	0.30194299999999996
Gene1	Gene26	0.301576
Gene31	Gene11	0.300915
Gene28	Gene33	0.299052
Gene28	Gene43	0.29881199999999997
Gene30	Gene39	0.298412
Gene25	Gene8	0.296623
Gene41	Gene49	0.2954
Gene2	Gene43	0.295329
Gene6	Gene20	0.291149
Gene44	Gene17	0.289243
Gene48	Gene29	0.28806
Gene0	Gene47	0.28786799999999996
Gene22	Gene43	0.286563
Gene32	Gene20	0.283498
Gene10	Gene22	0.282442
Gene35	Gene22	0.28228200000000003
Gene39	Gene49	0.281699
Gene49	Gene45	0.281528
Gene30	Gene31	0.281456
Gene20	Gene2	0.27424899999999997
Gene13	Gene10	0.273094
Gene34	Gene36	0.272611
Gene9	Gene33	0.271477
Gene49	Gene49	0.269504
Gene48	Gene32	0.266987
Gene30	Gene17	0.26663000000000003
Gene27	Gene15	0.266162
Gene46	Gene11	0.265153
Gene24	Gene23	0.264049
Gene24	Gene31	0.26076900000000003
Gene22	Gene46	0.259252
Gene19	Gene27	0.258461
Gene20	Gene10	0.258442
Gene22	Gene3	0.256604
Gene8	Gene5	0.255851
Gene32	Gene22	0.2517
Gene2	Gene16	0.251255
Gene14	Gene33	0.25064699999999995
Gene28	Gene16	0.24962800000000002
Gene36	Gene44	0.248721
Gene33	Gene23	0.248408
Gene25	Gene43	0.24541
Gene49	Gene5	0.242358
Gene2	Gene18	0.24179499999999998
Gene13	Gene17	0.239535
Gene6	Gene2	0.238713
Gene44	Gene28	0.237229
Gene32	Gene25	0.236656
Gene30	Gene43	0.235666
Gene23	Gene41	0.235494
Gene46	Gene28	0.234423
Gene49	Gene17	0.23292600000000002
Gene8	Gene7	0.23288699999999998
Gene41	Gene21	0.23251599999999997
Gene38	Gene3	0.23130799999999999
Gene29	Gene33	0.23060100000000003
Gene31	Gene43	0.230278
Gene16	Gene25	0.22941199999999998
Gene30	Gene4	0.22700900000000002
Gene1	Gene40	0.224559
Gene32	Gene29	0.224419
Gene8	Gene19	0.22213400000000003
Gene33	Gene18	0.22186
Gene17	Gene1	0.22143400000000002
Gene44	Gene18	0.22114699999999998
Gene22	Gene31	0.219782
Gene27	Gene49	0.218561
Gene5	Gene25	0.216425
Gene32	Gene30	0.216362
Gene16	Gene3	0.21626199999999998
Gene48	Gene33	0.21590399999999998
Gene46	Gene22	0.215513
Gene7	Gene20	0.21534
Gene34	Gene18	0.214852
Gene49	Gene40	0.214027
Gene24	Gene43	0.213644
Gene23	Gene17	0.21224099999999999
Gene44	Gene2	0.211128
Gene48	Gene44	0.210495
Gene25	Gene21	0.20953400000000003
Gene2	Gene21	0.209175
Gene25	Gene47	0.20847800000000002
Gene39	Gene19	0.206887
Gene34	Gene43	0.205404
Gene37	Gene10	0.205384
Gene12	Gene31	0.20529299999999998
Gene12	Gene35	0.204786
Gene44	Gene5	0.203453
Gene36	Gene12	0.203401
Gene41	Gene37	0.20206500000000002
Gene33	Gene42	0.201675
Gene30	Gene5	0.20002799999999998
Gene16	Gene33	0.19996
Gene2	Gene23	0.199575
Gene7	Gene29	0.198929
Gene49	Gene2	0.198416
Gene22	Gene0	0.19828900000000002
Gene24	Gene19	0.198174
Gene7	Gene36	0.19584400000000002
Gene0	Gene3	0.194707
Gene41	Gene17	0.194659
Gene49	Gene36	0.194273
Gene31	Gene7	0.193985
Gene2	Gene7	0.193498
Gene43	Gene32	0.193228
Gene6	Gene3	0.193169
Gene19	Gene19	0.190155
Gene34	Gene20	0.188918
Gene38	Gene2	0.188453
Gene1	Gene10	0.186505
Gene39	Gene42	0.185183
Gene28	Gene18	0.18418800000000002
Gene34	Gene34	0.18228699999999998
Gene16	Gene36	0.178955
Gene49	Gene35	0.17834
Gene28	Gene9	0.178047
Gene17	Gene29	0.17746800000000001
Gene9	Gene29	0.17619200000000002
Gene25	Gene15	0.17616800000000002
Gene48	Gene41	0.175795
Gene39	Gene41	0.175556
Gene28	Gene30	0.175511
Gene28	Gene34	0.17511
Gene22	Gene18	0.175059
Gene10	Gene45	0.174905
Gene23	Gene38	0.17482799999999998
Gene13	Gene29	0.17463
Gene5	Gene34	0.174151
Gene17	Gene30	0.174034
Gene37	Gene43	0.17390999999999998
Gene22	Gene17	0.173273
Gene22	Gene33	0.172826
Gene28	Gene4	0.17264100000000002
Gene33	Gene17	0.171971
Gene46	Gene3	0.171916
Gene41	Gene11	0.170586
Gene17	Gene35	0.169238
Gene34	Gene19	0.169208
Gene29	Gene29	0.168916
Gene22	Gene10	0.168702
Gene24	Gene4	0.167203
Gene1	Gene8	0.167097
Gene10	Gene34	0.166141
Gene32	Gene2	0.165999
Gene1	Gene35	0.165967
Gene39	Gene21	0.165853
Gene37	Gene21	0.165621
Gene43	Gene2	0.165485
Gene39	Gene4	0.16535
Gene49	Gene4	0.16526300000000002
Gene3	Gene27	0.165253
Gene3	Gene16	0.164407
Gene12	Gene23	0.16376300000000002
Gene25	Gene25	0.162904
Gene7	Gene42	0.162399
Gene2	Gene9	0.162382
Gene46	Gene29	0.162171
Gene27	Gene23	0.161885
Gene40	Gene45	0.161492
Gene31	Gene33	0.161357
Gene2	Gene5	0.161182
Gene44	Gene4	0.160881
Gene32	Gene34	0.160143
Gene9	Gene39	0.16003699999999998
Gene10	Gene40	0.159024
Gene10	Gene28	0.158519
Gene13	Gene21	0.158471
Gene1	Gene19	0.158275
Gene22	Gene4	0.158235
Gene6	Gene28	0.158006
Gene36	Gene21	0.157974
Gene17	Gene22	0.157958
Gene3	Gene43	0.157835
Gene35	Gene31	0.157182
Gene43	Gene23	0.157169
Gene13	Gene49	0.157134
Gene20	Gene47	0.15598199999999998
Gene0	Gene19	0.155669
Gene2	Gene35	0.155539
Gene39	Gene30	0.15545699999999998
Gene29	Gene39	0.155336
Gene10	Gene4	0.155114
Gene24	Gene8	0.155104
Gene43	Gene5	0.154288
Gene32	Gene4	0.153852
Gene14	Gene40	0.15362699999999999
Gene45	Gene39	0.153409
Gene17	Gene34	0.153321
Gene1	Gene4	0.153142
Gene20	Gene7	0.153141
Gene24	Gene36	0.152687
Gene0	Gene39	0.151679
Gene17	Gene31	0.151249
Gene6	Gene31	0.151108
Gene0	Gene17	0.151046
Gene33	Gene39	0.150847
Gene30	Gene33	0.150612
Gene30	Gene46	0.150402
Gene14	Gene32	0.149706
Gene6	Gene47	0.149687
Gene46	Gene43	0.149412
Gene29	Gene31	0.149133
Gene6	Gene26	0.1491
Gene41	Gene33	0.148757
Gene17	Gene32	0.148402
Gene48	Gene12	0.147729
Gene9	Gene3	0.147317
Gene8	Gene4	0.147251
Gene0	Gene22	0.14721900000000002
Gene44	Gene22	0.146277
Gene37	Gene0	0.146217
Gene13	Gene40	0.146026
Gene47	Gene32	0.145542
Gene8	Gene1	0.145295
Gene2	Gene32	0.145201
Gene48	Gene47	0.144124
Gene2	Gene42	0.144117
Gene12	Gene15	0.144094
Gene29	Gene5	0.144029
Gene14	Gene8	0.144015
Gene35	Gene26	0.143974
Gene2	Gene17	0.143517
Gene13	Gene1	0.143224
Gene37	Gene40	0.143014
Gene9	Gene36	0.142448
Gene34	Gene15	0.14185799999999998
Gene10	Gene29	0.141708
Gene47	Gene42	0.141601
Gene28	Gene20	0.140797
Gene29	Gene38	0.139639
Gene46	Gene48	0.138598
Gene1	Gene5	0.138439
Gene28	Gene42	0.138408
Gene30	Gene0	0.137444
Gene30	Gene19	0.13741199999999998
Gene46	Gene1	0.136445
Gene25	Gene12	0.136212
Gene39	Gene22	0.136045
Gene8	Gene21	0.135972
Gene25	Gene46	0.135938
Gene28	Gene46	0.135321
Gene41	Gene35	0.13501400000000002
Gene0	Gene23	0.134527
Gene9	Gene37	0.13417
Gene41	Gene42	0.133757
Gene38	Gene9	0.133243
Gene4	Gene18	0.133113
Gene8	Gene33	0.132856
Gene9	Gene7	0.13278399999999999
Gene3	Gene18	0.1326
Gene34	Gene40	0.13245
Gene34	Gene32	0.132221
Gene46	Gene10	0.13203
Gene7	Gene47	0.131833
Gene7	Gene40	0.131546
Gene36	Gene37	0.131472
Gene31	Gene29	0.131405
Gene14	Gene39	0.131367
Gene47	Gene25	0.130219
Gene39	Gene1	0.130172
Gene37	Gene45	0.129623
Gene13	Gene3	0.129388
Gene0	Gene20	0.129327
Gene33	Gene35	0.129274
Gene38	Gene4	0.128597
Gene0	Gene42	0.127886
Gene33	Gene27	0.127831
Gene9	Gene28	0.12759700000000002
Gene3	Gene3	0.127411
Gene15	Gene19	0.127333
Gene27	Gene22	0.12719
Gene30	Gene29	0.127115
Gene38	Gene0	0.127103
Gene8	Gene41	0.12676600000000002
Gene23	Gene36	0.126521
Gene9	Gene42	0.126459
Gene24	Gene32	0.126332
Gene9	Gene21	0.126146
Gene36	Gene28	0.125637
Gene7	Gene5	0.125632
Gene17	Gene3	0.125432
Gene23	Gene31	0.125078
Gene16	Gene31	0.12440999999999999
Gene19	Gene1	0.124001
Gene40	Gene7	0.12385499999999999
Gene11	Gene38	0.12381600000000001
Gene35	Gene10	0.12377
Gene23	Gene3	0.12372000000000001
Gene22	Gene39	0.123553
Gene0	Gene40	0.12351
Gene47	Gene34	0.123503
Gene47	Gene28	0.123149
Gene43	Gene45	0.12287200000000001
Gene28	Gene3	0.122679
Gene44	Gene35	0.122476
Gene21	Gene35	0.1217
Gene13	Gene32	0.12129100000000001
Gene7	Gene0	0.12129100000000001
Gene6	Gene48	0.12118499999999999
Gene3	Gene10	0.12109400000000001
Gene35	Gene12	0.12079100000000001
Gene39	Gene36	0.120718
Gene2	Gene3	0.120645
Gene44	Gene8	0.12040999999999999
Gene8	Gene0	0.120406
Gene23	Gene49	0.120215
Gene0	Gene2	0.11975999999999999
Gene24	Gene16	0.119224
Gene20	Gene13	0.118995
Gene47	Gene41	0.118649
Gene35	Gene3	0.118603
Gene7	Gene10	0.11851600000000001
Gene33	Gene29	0.118361
Gene3	Gene47	0.118157
Gene30	Gene21	0.11804300000000001
Gene3	Gene4	0.11782100000000001
Gene32	Gene42	0.117748
Gene37	Gene4	0.11766800000000001
Gene25	Gene40	0.11747200000000001
Gene44	Gene41	0.11738399999999999
Gene48	Gene39	0.117158
Gene24	Gene17	0.11708099999999999
Gene38	Gene35	0.116993
Gene12	Gene49	0.11685699999999999
Gene22	Gene28	0.116754
Gene43	Gene15	0.11666300000000002
Gene9	Gene31	0.1166
Gene9	Gene23	0.116096
Gene23	Gene26	0.11602699999999999
Gene16	Gene4	0.11554
Gene10	Gene33	0.1155
Gene21	Gene39	0.11544000000000001
Gene44	Gene21	0.115405
Gene43	Gene42	0.115291
Gene12	Gene33	0.11528699999999999
Gene36	Gene16	0.115254
Gene48	Gene17	0.114925
Gene35	Gene23	0.11492000000000001
Gene14	Gene34	0.11475999999999999
Gene37	Gene32	0.114605
Gene41	Gene25	0.11444000000000001
Gene8	Gene40	0.11443299999999999
Gene36	Gene3	0.114391
Gene43	Gene30	0.114224
Gene49	Gene25	0.114203
Gene24	Gene37	0.11395
Gene0	Gene6	0.113819
Gene20	Gene17	0.113724
Gene16	Gene15	0.113667
Gene14	Gene29	0.113602
Gene10	Gene21	0.11343099999999999
Gene34	Gene0	0.11342100000000001
Gene4	Gene22	0.113322
Gene44	Gene33	0.113044
Gene8	Gene3	0.112972
Gene4	Gene11	0.112409
Gene36	Gene11	0.11219900000000001
Gene24	Gene45	0.11205599999999999
Gene1	Gene46	0.11203900000000001
Gene47	Gene12	0.111872
Gene3	Gene35	0.11179700000000001
Gene19	Gene17	0.111482
Gene16	Gene22	0.111347
Gene45	Gene14	0.111099
Gene35	Gene2	0.111054
Gene8	Gene30	0.110978
Gene5	Gene16	0.110903
Gene14	Gene11	0.11083699999999999
Gene12	Gene42	0.11059400000000001
Gene36	Gene40	0.110418
Gene10	Gene14	0.11035999999999999
Gene45	Gene3	0.109872
Gene0	Gene46	0.10983299999999999
Gene23	Gene42	0.10968900000000001
Gene31	Gene25	0.109402
Gene11	Gene2	0.109368
Gene32	Gene21	0.10907599999999999
Gene2	Gene40	0.108952
Gene41	Gene47	0.10853800000000001
Gene23	Gene29	0.10841400000000001
Gene5	Gene14	0.10838199999999999
Gene33	Gene6	0.10834
Gene8	Gene29	0.10786
Gene27	Gene34	0.107852
Gene27	Gene33	0.107724
Gene19	Gene14	0.107526
Gene49	Gene1	0.107429
Gene3	Gene5	0.107404
Gene41	Gene18	0.107304
Gene18	Gene32	0.106851
Gene6	Gene36	0.10675499999999999
Gene2	Gene13	0.10658
Gene15	Gene30	0.10652400000000001
Gene24	Gene46	0.106294
Gene19	Gene43	0.10615
Gene36	Gene34	0.10605999999999999
Gene28	Gene35	0.105858
Gene47	Gene1	0.10569
Gene36	Gene31	0.10540899999999999
Gene25	Gene42	0.105316
Gene21	Gene29	0.10522100000000001
Gene7	Gene21	0.105029
Gene32	Gene33	0.10494300000000001
Gene40	Gene25	0.10463299999999999
Gene31	Gene44	0.10459700000000001
Gene12	Gene28	0.10451600000000001
Gene29	Gene17	0.104405
Gene44	Gene39	0.104402
Gene49	Gene0	0.10430899999999999
Gene0	Gene25	0.10401400000000001
Gene22	Gene49	0.103798
Gene30	Gene18	0.103683
Gene44	Gene32	0.10355199999999999
Gene20	Gene3	0.103478
Gene40	Gene34	0.10321199999999998
Gene22	Gene34	0.103102
Gene44	Gene25	0.103084
Gene5	Gene29	0.103074
Gene31	Gene21	0.103066
Gene20	Gene40	0.103059
Gene10	Gene17	0.10295599999999999
Gene36	Gene4	0.102952
Gene9	Gene41	0.10283900000000001
Gene46	Gene2	0.10274200000000001
Gene23	Gene34	0.10263499999999999
Gene42	Gene3	0.10259800000000001
Gene32	Gene24	0.102547
Gene36	Gene22	0.101992
Gene1	Gene32	0.10194600000000001
Gene30	Gene11	0.10183099999999999
Gene13	Gene24	0.101586
Gene23	Gene11	0.101563
Gene31	Gene5	0.101559
Gene20	Gene46	0.101526
Gene1	Gene42	0.101514
Gene15	Gene17	0.101482
Gene48	Gene21	0.101425
Gene1	Gene3	0.101398
Gene28	Gene49	0.101311
Gene30	Gene34	0.10130800000000001
Gene13	Gene8	0.10127
Gene20	Gene36	0.100854
Gene9	Gene2	0.100732
Gene3	Gene40	0.100547
Gene24	Gene12	0.100478
Gene10	Gene42	0.10036
Gene5	Gene0	0.10030399999999999
Gene3	Gene31	0.100259
Gene6	Gene17	0.100248
Gene12	Gene21	0.100023
Gene13	Gene2	0.099984
Gene4	Gene4	0.09976
Gene37	Gene15	0.099686
Gene17	Gene42	0.099622
Gene25	Gene13	0.099602
Gene33	Gene16	0.099583
Gene12	Gene5	0.09941900000000001
Gene48	Gene40	0.099393
Gene43	Gene41	0.099362
Gene24	Gene24	0.099204
Gene13	Gene4	0.099017
Gene11	Gene29	0.098992
Gene15	Gene20	0.098811
Gene31	Gene42	0.098661
Gene2	Gene25	0.098578
Gene10	Gene5	0.09847
Gene15	Gene21	0.098438
Gene43	Gene35	0.098433
Gene14	Gene2	0.098352
Gene34	Gene13	0.09833099999999999
Gene16	Gene49	0.098221
Gene49	Gene7	0.098199
Gene37	Gene17	0.09815700000000001
Gene37	Gene41	0.098104
Gene43	Gene8	0.098101
Gene47	Gene40	0.097947
Gene7	Gene32	0.097855
Gene22	Gene25	0.097759
Gene0	Gene21	0.097742
Gene33	Gene33	0.097675
Gene29	Gene20	0.097635
Gene15	Gene3	0.097536
Gene31	Gene4	0.09739400000000001
Gene36	Gene24	0.09736
Gene22	Gene42	0.097353
Gene9	Gene43	0.09726599999999999
Gene14	Gene0	0.09719900000000001
Gene17	Gene10	0.097147
Gene48	Gene4	0.097137
Gene31	Gene22	0.096993
Gene13	Gene0	0.096958
Gene1	Gene41	0.096927
Gene9	Gene4	0.096761
Gene30	Gene16	0.096738
Gene49	Gene22	0.09667200000000001
Gene11	Gene22	0.096589
Gene32	Gene13	0.096455
Gene14	Gene42	0.096389
Gene3	Gene49	0.096358
Gene12	Gene30	0.096136
Gene6	Gene41	0.09613300000000001
Gene39	Gene31	0.096124
Gene32	Gene17	0.096123
Gene33	Gene30	0.09611
Gene28	Gene37	0.096073
Gene9	Gene13	0.095898
Gene16	Gene35	0.095841
Gene47	Gene21	0.09584
Gene17	Gene0	0.09583799999999999
Gene27	Gene41	0.095807
Gene24	Gene35	0.095667
Gene13	Gene34	0.095583
Gene49	Gene21	0.095582
Gene41	Gene40	0.095537
Gene45	Gene45	0.095342
Gene48	Gene0	0.095152
Gene24	Gene29	0.095069
Gene49	Gene33	0.095001
Gene46	Gene4	0.094849
Gene31	Gene35	0.094658
Gene47	Gene7	0.094637
Gene30	Gene42	0.094572
Gene4	Gene39	0.094532
Gene23	Gene20	0.094488
Gene9	Gene30	0.094408
Gene14	Gene35	0.094401
Gene14	Gene47	0.094319
Gene46	Gene42	0.094274
Gene20	Gene8	0.094207
Gene24	Gene42	0.094171
Gene44	Gene3	0.094065
Gene47	Gene49	0.09402100000000001
Gene33	Gene47	0.09399099999999999
Gene36	Gene35	0.09396399999999999
Gene47	Gene23	0.093887
Gene48	Gene5	0.093831
Gene7	Gene27	0.09377100000000001
Gene16	Gene41	0.093623
Gene17	Gene21	0.09361799999999999
Gene11	Gene30	0.093329
Gene19	Gene33	0.093178
Gene44	Gene42	0.092977
Gene0	Gene7	0.09296
Gene3	Gene22	0.092904
Gene5	Gene41	0.092886
Gene20	Gene4	0.092657
Gene29	Gene16	0.092599
Gene40	Gene23	0.09257
Gene6	Gene35	0.09256
Gene16	Gene24	0.092539
Gene13	Gene42	0.092436
Gene16	Gene32	0.09205
Gene1	Gene30	0.091842
Gene20	Gene29	0.09174500000000001
Gene42	Gene39	0.091677
Gene22	Gene41	0.09160900000000001
Gene22	Gene30	0.091568
Gene12	Gene1	0.091544
Gene22	Gene36	0.091501
Gene15	Gene10	0.09149
Gene34	Gene3	0.091199
Gene20	Gene31	0.091158
Gene43	Gene16	0.091066
Gene35	Gene0	0.091063
Gene0	Gene49	0.090942
Gene3	Gene29	0.09084500000000001
Gene9	Gene32	0.090776
Gene22	Gene45	0.090651
Gene30	Gene1	0.090448
Gene22	Gene12	0.090392
Gene39	Gene35	0.090289
Gene16	Gene40	0.090286
Gene41	Gene20	0.09019400000000001
Gene7	Gene1	0.090177
Gene32	Gene44	0.09014
Gene28	Gene11	0.090134
Gene39	Gene46	0.090073
Gene47	Gene48	0.090059
Gene41	Gene0	0.090047
Gene29	Gene26	0.090017
Gene34	Gene46	0.089931
Gene37	Gene1	0.08992
Gene38	Gene14	0.0899
Gene8	Gene42	0.089861
Gene43	Gene49	0.089754
Gene20	Gene5	0.089728
Gene34	Gene23	0.089723
Gene10	Gene23	0.089722
Gene24	Gene3	0.089686
Gene16	Gene37	0.089629
Gene36	Gene15	0.089598
Gene44	Gene11	0.089439
Gene49	Gene30	0.089308
Gene44	Gene20	0.089298
Gene27	Gene16	0.089196
Gene43	Gene31	0.089166
Gene6	Gene30	0.089157
Gene16	Gene34	0.089152
Gene43	Gene4	0.089143
Gene39	Gene32	0.089098
Gene9	Gene5	0.08908300000000001
Gene20	Gene20	0.088942
Gene23	Gene25	0.088912
Gene33	Gene25	0.088863
Gene24	Gene1	0.08882999999999999
Gene13	Gene20	0.08881599999999999
Gene27	Gene9	0.088759
Gene27	Gene32	0.088604
Gene16	Gene42	0.088599
Gene2	Gene0	0.088563
Gene23	Gene5	0.088535
Gene47	Gene35	0.08844500000000001
Gene34	Gene33	0.088426
Gene22	Gene14	0.088425
Gene36	Gene33	0.088257
Gene24	Gene49	0.08807100000000001
Gene40	Gene4	0.088042
Gene41	Gene29	0.08801
Gene33	Gene4	0.088005
Gene15	Gene14	0.087887
Gene44	Gene9	0.08785599999999999
Gene24	Gene28	0.08779400000000001
Gene20	Gene35	0.087792
Gene22	Gene26	0.087768
Gene0	Gene26	0.087638
Gene14	Gene20	0.08759700000000001
Gene24	Gene5	0.087522
Gene9	Gene40	0.087363
Gene13	Gene33	0.087266
Gene33	Gene3	0.087203
Gene38	Gene25	0.087176
Gene24	Gene40	0.087139
Gene21	Gene1	0.087133
Gene34	Gene1	0.08711
Gene49	Gene41	0.08709
Gene30	Gene7	0.08705299999999999
Gene15	Gene11	0.087051
Gene29	Gene11	0.087033
Gene41	Gene31	0.087021
Gene13	Gene7	0.086904
Gene34	Gene9	0.086785
Gene14	Gene5	0.08678200000000001
Gene5	Gene8	0.08669
Gene44	Gene43	0.086619
Gene3	Gene23	0.086616
Gene9	Gene17	0.086588
Gene16	Gene29	0.086582
Gene44	Gene40	0.086536
Gene29	Gene42	0.086476
Gene14	Gene4	0.08645599999999999
Gene23	Gene30	0.086382
Gene15	Gene16	0.086263
Gene27	Gene10	0.086168
Gene18	Gene17	0.08616
Gene48	Gene20	0.086125
Gene40	Gene22	0.08609
Gene34	Gene35	0.086089
Gene37	Gene42	0.086087
Gene14	Gene21	0.08602699999999999
Gene11	Gene5	0.085988
Gene13	Gene27	0.08594199999999999
Gene41	Gene34	0.085931
Gene13	Gene11	0.085892
Gene1	Gene25	0.085842
Gene47	Gene36	0.085837
Gene49	Gene34	0.08572300000000001
Gene5	Gene30	0.08567000000000001
Gene48	Gene34	0.08553200000000001
Gene12	Gene11	0.085438
Gene36	Gene42	0.085437
Gene13	Gene6	0.085391
Gene8	Gene17	0.085319
Gene0	Gene36	0.085287
Gene34	Gene28	0.085284
Gene15	Gene49	0.08525
Gene24	Gene21	0.085212
Gene49	Gene42	0.08519199999999999
Gene47	Gene45	0.08515199999999999
Gene3	Gene32	0.085102
Gene34	Gene5	0.08495
Gene49	Gene29	0.084896
Gene29	Gene21	0.084846
Gene13	Gene41	0.084842
Gene30	Gene35	0.08480700000000001
Gene17	Gene48	0.08476900000000001
Gene25	Gene35	0.084709
Gene24	Gene14	0.084674
Gene37	Gene2	0.084575
Gene15	Gene39	0.08453
Gene6	Gene40	0.084493
Gene26	Gene28	0.084471
Gene31	Gene3	0.08438899999999999
Gene6	Gene42	0.084337
Gene29	Gene40	0.084326
Gene1	Gene29	0.08427
Gene37	Gene34	0.084264
Gene27	Gene4	0.084223
Gene0	Gene13	0.084207
Gene37	Gene11	0.084133
Gene4	Gene1	0.084122
Gene10	Gene35	0.084002
Gene2	Gene34	0.083991
Gene4	Gene13	0.083989
Gene29	Gene25	0.083888
Gene29	Gene35	0.083877
Gene22	Gene5	0.083655
Gene37	Gene47	0.083643
Gene37	Gene8	0.083631
Gene5	Gene23	0.083594
Gene26	Gene33	0.083585
Gene4	Gene41	0.08354400000000001
Gene14	Gene13	0.08349
Gene47	Gene46	0.083474
Gene6	Gene33	0.083396
Gene29	Gene23	0.083385
Gene49	Gene3	0.08337699999999999
Gene25	Gene41	0.083213
Gene14	Gene10	0.08309
Gene13	Gene5	0.08291799999999999
Gene32	Gene14	0.08290299999999999
Gene40	Gene41	0.082876
Gene12	Gene2	0.082801
Gene13	Gene23	0.08277799999999999
Gene0	Gene28	0.082713
Gene6	Gene21	0.082712
Gene24	Gene11	0.082709
Gene16	Gene21	0.082656
Gene20	Gene32	0.082648
Gene27	Gene36	0.082634
Gene27	Gene39	0.082579
Gene7	Gene14	0.082571
Gene20	Gene21	0.082522
Gene36	Gene25	0.082496
Gene9	Gene20	0.082457
Gene3	Gene28	0.08244
Gene9	Gene11	0.082427
Gene3	Gene41	0.082357
Gene34	Gene11	0.082356
Gene6	Gene34	0.082315
Gene12	Gene32	0.08230900000000001
Gene22	Gene48	0.082196
Gene14	Gene17	0.082194
Gene9	Gene1	0.082108
Gene2	Gene2	0.082095
Gene6	Gene11	0.082088
Gene38	Gene32	0.082066
Gene15	Gene9	0.08204600000000001
Gene3	Gene34	0.08204199999999999
Gene37	Gene5	0.081959
Gene49	Gene11	0.081954
Gene16	Gene11	0.081945
Gene40	Gene10	0.081934
Gene29	Gene34	0.081893
Gene38	Gene21	0.08183700000000001
Gene11	Gene28	0.081808
Gene13	Gene28	0.08180499999999999
Gene9	Gene34	0.081803
Gene34	Gene49	0.081794
Gene8	Gene25	0.08178300000000001
Gene48	Gene11	0.08174400000000001
Gene8	Gene48	0.08171
Gene49	Gene20	0.081686
Gene9	Gene49	0.081661
Gene36	Gene17	0.081564
Gene44	Gene0	0.08154199999999999
Gene20	Gene33	0.081414
Gene30	Gene41	0.08140700000000001
Gene35	Gene32	0.081385
Gene24	Gene34	0.081385
Gene6	Gene4	0.08136900000000001
Gene20	Gene30	0.081223
Gene1	Gene20	0.081124
Gene44	Gene29	0.08102999999999999
Gene32	Gene35	0.08098
Gene2	Gene36	0.080969
Gene43	Gene40	0.080966
Gene6	Gene29	0.080952
Gene5	Gene24	0.08091799999999999
Gene34	Gene10	0.0809
Gene8	Gene32	0.080875
Gene12	Gene41	0.080862
Gene44	Gene14	0.080813
Gene20	Gene28	0.080812
Gene10	Gene30	0.080694
Gene24	Gene20	0.08064600000000001
Gene5	Gene48	0.080499
Gene6	Gene5	0.080491
Gene27	Gene28	0.08047
Gene0	Gene4	0.080432
Gene43	Gene14	0.080388
Gene2	Gene48	0.080333
Gene29	Gene3	0.080318
Gene36	Gene32	0.080288
Gene20	Gene42	0.08028500000000001
Gene40	Gene5	0.080263
Gene12	Gene29	0.08025700000000001
Gene5	Gene44	0.080222
Gene44	Gene34	0.080203
Gene37	Gene28	0.080193
Gene49	Gene10	0.08014199999999999
Gene35	Gene18	0.080131
Gene24	Gene47	0.080124
Gene44	Gene46	0.080097
Gene39	Gene33	0.080092
Gene12	Gene3	0.08008
Gene19	Gene28	0.079929
Gene37	Gene35	0.079847
Gene46	Gene20	0.079804
Gene38	Gene44	0.079802
Gene35	Gene30	0.079791
Gene34	Gene4	0.079739
Gene4	Gene21	0.079702
Gene34	Gene42	0.079649
Gene5	Gene7	0.079649
Gene27	Gene13	0.07963200000000001
Gene44	Gene49	0.07960199999999999
Gene33	Gene13	0.079547
Gene37	Gene20	0.079537
Gene48	Gene49	0.079527
Gene47	Gene22	0.079524
Gene3	Gene2	0.079434
Gene13	Gene31	0.079434
Gene14	Gene3	0.079427
Gene36	Gene29	0.079407
Gene38	Gene13	0.079402
Gene29	Gene4	0.07937899999999999
Gene7	Gene11	0.079323
Gene14	Gene16	0.079308
Gene37	Gene16	0.079273
Gene3	Gene46	0.079216
Gene23	Gene44	0.079195
Gene7	Gene25	0.079136
Gene7	Gene2	0.079065
Gene35	Gene17	0.07904299999999999
Gene39	Gene40	0.079013
Gene3	Gene25	0.079012
Gene41	Gene1	0.078932
Gene20	Gene11	0.078908
Gene14	Gene23	0.078877
Gene18	Gene10	0.078859
Gene13	Gene25	0.07884400000000001
Gene36	Gene5	0.078841
Gene37	Gene3	0.078829
Gene22	Gene21	0.078813
Gene33	Gene43	0.078805
Gene33	Gene28	0.078792
Gene45	Gene33	0.078762
Gene8	Gene49	0.07875499999999999
Gene15	Gene41	0.078683
Gene49	Gene28	0.078679
Gene25	Gene34	0.07864
Gene36	Gene49	0.07863200000000001
Gene34	Gene29	0.07861599999999999
Gene8	Gene10	0.078595
Gene42	Gene47	0.078547
Gene4	Gene32	0.078538
Gene43	Gene13	0.078528
Gene2	Gene10	0.07851
Gene36	Gene20	0.07846399999999999
Gene20	Gene41	0.078458
Gene34	Gene21	0.078435
Gene18	Gene49	0.078412
Gene48	Gene13	0.078399
Gene44	Gene1	0.078354
Gene28	Gene36	0.078262
Gene6	Gene49	0.07824199999999999
Gene14	Gene49	0.078181
Gene30	Gene20	0.078141
Gene40	Gene8	0.078101
Gene25	Gene11	0.078079
Gene14	Gene1	0.078068
Gene17	Gene8	0.078059
Gene8	Gene23	0.078046
Gene7	Gene48	0.077885
Gene29	Gene14	0.077885
Gene29	Gene41	0.077846
Gene6	Gene1	0.077813
Gene11	Gene27	0.077737
Gene44	Gene31	0.077717
Gene29	Gene49	0.077711
Gene39	Gene15	0.077644
Gene41	Gene16	0.077599
Gene23	Gene10	0.077591
Gene37	Gene29	0.077532
Gene16	Gene28	0.077488
Gene45	Gene5	0.077428
Gene14	Gene30	0.07737999999999999
Gene0	Gene31	0.077377
Gene29	Gene2	0.077355
Gene29	Gene30	0.07733200000000001
Gene37	Gene33	0.07732
Gene20	Gene49	0.077287
Gene12	Gene17	0.077249
Gene22	Gene11	0.077248
Gene15	Gene25	0.077234
Gene15	Gene44	0.077227
Gene14	Gene31	0.077165
Gene12	Gene40	0.077127
Gene5	Gene21	0.077088
Gene17	Gene14	0.077087
Gene37	Gene31	0.077044
Gene29	Gene24	0.07701799999999999
Gene4	Gene29	0.077014
Gene23	Gene37	0.07697899999999999
Gene20	Gene1	0.07697000000000001
Gene36	Gene1	0.0769
Gene34	Gene30	0.076878
Gene29	Gene1	0.076831
Gene34	Gene31	0.076823
Gene14	Gene41	0.076802
Gene2	Gene24	0.076795
Gene44	Gene30	0.076778
Gene40	Gene30	0.076749
Gene34	Gene25	0.076701
Gene3	Gene11	0.07665599999999999
Gene12	Gene46	0.07660399999999999
Gene37	Gene49	0.07659400000000001
Gene16	Gene30	0.076571
Gene1	Gene34	0.076536
Gene17	Gene37	0.076395
Gene39	Gene9	0.07638400000000001
Gene6	Gene46	0.076353
Gene5	Gene9	0.076299
Gene25	Gene20	0.076293
Gene32	Gene11	0.07621
Gene24	Gene30	0.076171
Gene43	Gene11	0.07612200000000001
Gene48	Gene3	0.076083
Gene34	Gene41	0.076068
Gene12	Gene37	0.075843
Gene30	Gene36	0.07583200000000001
Gene15	Gene24	0.07583
Gene3	Gene42	0.075794
Gene42	Gene27	0.075781
Gene14	Gene7	0.075774
Gene2	Gene11	0.075758
Gene24	Gene48	0.0757
Gene12	Gene4	0.075667
Gene13	Gene43	0.075651
Gene40	Gene0	0.075614
Gene47	Gene44	0.075548
Gene7	Gene41	0.07551000000000001
Gene13	Gene30	0.07550499999999999
Gene16	Gene20	0.075429
Gene2	Gene30	0.075391
Gene48	Gene28	0.07535800000000001
Gene37	Gene25	0.075326
Gene24	Gene9	0.07532
Gene14	Gene25	0.075302
Gene37	Gene30	0.07528
Gene40	Gene3	0.075241
Gene2	Gene37	0.07523300000000001
Gene1	Gene14	0.075193
Gene39	Gene25	0.075178
Gene45	Gene17	0.075144
Gene4	Gene14	0.075085
Gene21	Gene47	0.075041
Gene40	Gene9	0.074897
Gene20	Gene6	0.07482799999999999
Gene6	Gene25	0.074803
Gene1	Gene37	0.074782
Gene43	Gene46	0.074772
Gene7	Gene15	0.074688
Gene12	Gene14	0.074664
Gene5	Gene3	0.074641
Gene14	Gene46	0.074548
Gene12	Gene10	0.074521
Gene30	Gene49	0.074499
Gene39	Gene23	0.074494
Gene17	Gene15	0.074477
Gene38	Gene7	0.074463
Gene36	Gene41	0.074462
Gene3	Gene14	0.074447
Gene11	Gene48	0.074351
Gene23	Gene33	0.07433300000000001
Gene12	Gene44	0.07433
Gene25	Gene22	0.074274
Gene16	Gene10	0.07425
Gene24	Gene41	0.074215
Gene9	Gene46	0.07420800000000001
Gene23	Gene48	0.07419400000000001
Gene27	Gene47	0.07418200000000001
Gene7	Gene35	0.074173
Gene23	Gene24	0.074132
Gene39	Gene29	0.074117
Gene42	Gene31	0.074064
Gene27	Gene30	0.073961
Gene44	Gene48	0.073949
Gene25	Gene32	0.073939
Gene9	Gene22	0.073931
Gene8	Gene14	0.073866
Gene37	Gene23	0.073851
Gene31	Gene1	0.073848
Gene17	Gene41	0.07384099999999999
Gene37	Gene6	0.073822
Gene36	Gene0	0.07382000000000001
Gene3	Gene36	0.073779
Gene37	Gene12	0.073764
Gene29	Gene10	0.07373400000000001
Gene12	Gene25	0.073709
Gene42	Gene8	0.07369099999999999
Gene22	Gene24	0.073683
Gene14	Gene22	0.073651
Gene0	Gene0	0.07360599999999999
Gene49	Gene15	0.073551
Gene15	Gene4	0.073535
Gene29	Gene46	0.07352
Gene7	Gene49	0.073367
Gene30	Gene32	0.073293
Gene13	Gene16	0.073246
Gene0	Gene37	0.073214
Gene49	Gene23	0.07318
Gene21	Gene34	0.073156
Gene22	Gene37	0.073116
Gene48	Gene1	0.073087
Gene47	Gene16	0.073029
Gene23	Gene14	0.07302
Gene29	Gene22	0.073012
Gene5	Gene37	0.073009
Gene43	Gene34	0.072962
Gene45	Gene42	0.072948
Gene33	Gene40	0.072746
Gene17	Gene23	0.072711
Gene8	Gene34	0.072601
Gene6	Gene12	0.07259
Gene4	Gene49	0.072532
Gene1	Gene31	0.072527
Gene7	Gene39	0.072518
Gene14	Gene14	0.072501
Gene17	Gene6	0.072486
Gene12	Gene13	0.07244600000000001
Gene3	Gene48	0.072398
Gene10	Gene11	0.072386
Gene38	Gene8	0.072371
Gene1	Gene44	0.072337
Gene11	Gene25	0.07228899999999999
Gene8	Gene35	0.072228
Gene39	Gene12	0.072215
Gene8	Gene2	0.072197
Gene9	Gene25	0.072119
Gene12	Gene34	0.072078
Gene7	Gene4	0.072033
Gene12	Gene20	0.072031
Gene0	Gene44	0.07202
Gene35	Gene16	0.072013
Gene49	Gene14	0.07198099999999999
Gene8	Gene13	0.07197200000000001
Gene17	Gene44	0.071937
Gene9	Gene14	0.0719
Gene48	Gene43	0.071885
Gene16	Gene46	0.071884
Gene4	Gene47	0.07187
Gene34	Gene22	0.071865
Gene30	Gene25	0.071864
Gene16	Gene14	0.071852
Gene6	Gene14	0.07181
Gene22	Gene9	0.07177599999999999
Gene44	Gene16	0.07174900000000001
Gene39	Gene13	0.07172
Gene36	Gene14	0.07169099999999999
Gene44	Gene10	0.071689
Gene37	Gene48	0.071497
Gene29	Gene27	0.07149
Gene35	Gene6	0.07145800000000001
Gene5	Gene31	0.071457
Gene30	Gene3	0.071427
Gene7	Gene12	0.071406
Gene26	Gene41	0.0714
Gene42	Gene30	0.071397
Gene26	Gene13	0.07135599999999999
Gene20	Gene14	0.071345
Gene37	Gene14	0.071266
Gene49	Gene12	0.071228
Gene43	Gene33	0.07117799999999999
Gene21	Gene2	0.071175
Gene47	Gene10	0.07114
Gene40	Gene12	0.071128
Gene48	Gene16	0.071101
Gene43	Gene24	0.071091
Gene37	Gene22	0.07109
Gene37	Gene46	0.07108400000000001
Gene26	Gene22	0.07106
Gene8	Gene28	0.071023
Gene4	Gene16	0.071022
Gene20	Gene37	0.071018
Gene35	Gene20	0.071014
Gene36	Gene9	0.070985
Gene38	Gene1	0.070927
Gene42	Gene28	0.07082100000000001
Gene36	Gene10	0.070788
Gene43	Gene20	0.070787
Gene38	Gene6	0.07077
Gene2	Gene14	0.070743
Gene2	Gene15	0.070703
Gene29	Gene9	0.070699
Gene7	Gene37	0.070694
Gene6	Gene10	0.07069099999999999
Gene12	Gene48	0.070646
Gene28	Gene2	0.070626
Gene1	Gene48	0.070542
Gene24	Gene25	0.070396
Gene13	Gene22	0.070328
Gene45	Gene25	0.070289
Gene13	Gene46	0.070273
Gene27	Gene43	0.070241
Gene33	Gene12	0.070236
Gene0	Gene30	0.07023
Gene1	Gene49	0.070229
Gene39	Gene7	0.07020900000000001
Gene35	Gene35	0.07019600000000001
Gene3	Gene33	0.070186
Gene12	Gene36	0.070185
Gene12	Gene9	0.07016900000000001
Gene5	Gene40	0.070151
Gene34	Gene24	0.070122
Gene39	Gene6	0.070021
Gene15	Gene22	0.070003
Gene43	Gene21	0.06998
Gene0	Gene12	0.069974
Gene43	Gene28	0.069974
Gene43	Gene29	0.069966
Gene1	Gene24	0.069949
Gene43	Gene9	0.069918
Gene8	Gene31	0.06988899999999999
Gene11	Gene12	0.069885
Gene5	Gene32	0.069847
Gene8	Gene9	0.069814
Gene36	Gene39	0.069763
Gene16	Gene9	0.069731
Gene16	Gene13	0.06972300000000001
Gene16	Gene44	0.069673
Gene2	Gene31	0.06966599999999999
Gene20	Gene9	0.069651
Gene4	Gene43	0.06964
Gene7	Gene7	0.06961
Gene35	Gene9	0.069573
Gene41	Gene2	0.06954
Gene41	Gene30	0.06941599999999999
Gene6	Gene9	0.06940700000000001
Gene9	Gene10	0.069405
Gene29	Gene36	0.069404
Gene29	Gene48	0.06938899999999999
Gene12	Gene0	0.069343
Gene24	Gene22	0.069334
Gene8	Gene44	0.069325
Gene48	Gene22	0.069297
Gene3	Gene37	0.069275
Gene5	Gene22	0.069215
Gene8	Gene22	0.069208
Gene40	Gene40	0.069146
Gene36	Gene13	0.069138
Gene43	Gene36	0.069073
Gene45	Gene35	0.06907200000000001
Gene1	Gene16	0.069034
Gene2	Gene41	0.068971
Gene42	Gene16	0.068952
Gene47	Gene9	0.06892100000000001
Gene16	Gene48	0.068895
Gene8	Gene20	0.06888999999999999
Gene31	Gene15	0.068825
Gene8	Gene11	0.068824
Gene8	Gene45	0.068777
Gene47	Gene3	0.06875099999999999
Gene35	Gene36	0.068747
Gene25	Gene3	0.06874
Gene45	Gene47	0.068738
Gene8	Gene6	0.068732
Gene30	Gene6	0.068665
Gene15	Gene13	0.06863
Gene39	Gene24	0.06861
Gene23	Gene27	0.068534
Gene26	Gene31	0.06853
Gene48	Gene31	0.068497
Gene33	Gene14	0.068496
Gene43	Gene12	0.068451
Gene13	Gene44	0.06843300000000001
Gene37	Gene9	0.06842899999999999
Gene32	Gene3	0.06841699999999999
Gene34	Gene47	0.068388
Gene42	Gene18	0.068239
Gene39	Gene14	0.068185
Gene26	Gene36	0.06814500000000001
Gene24	Gene10	0.068085
Gene39	Gene10	0.06804600000000001
Gene8	Gene24	0.068012
Gene8	Gene37	0.067999
Gene29	Gene13	0.067995
Gene6	Gene13	0.06799
Gene39	Gene3	0.067929
Gene48	Gene9	0.067912
Gene11	Gene14	0.067886
Gene6	Gene37	0.067819
Gene21	Gene12	0.067743
Gene37	Gene13	0.067726
Gene18	Gene15	0.067696
Gene46	Gene25	0.067593
Gene17	Gene2	0.067496
Gene10	Gene9	0.067392
Gene3	Gene21	0.067332
Gene37	Gene37	0.067261
Gene14	Gene48	0.067255
Gene1	Gene13	0.067214
Gene22	Gene27	0.06715700000000001
Gene7	Gene3	0.067138
Gene3	Gene20	0.067088
Gene36	Gene46	0.067085
Gene20	Gene24	0.06702799999999999
Gene29	Gene12	0.06702000000000001
Gene13	Gene14	0.067009
Gene13	Gene36	0.066947
Gene23	Gene15	0.066899
Gene11	Gene20	0.06677000000000001
Gene15	Gene46	0.066764
Gene31	Gene16	0.06665
Gene30	Gene30	0.066604
Gene1	Gene6	0.066576
Gene7	Gene31	0.06654299999999999
Gene18	Gene39	0.066528
Gene5	Gene20	0.06651
Gene16	Gene6	0.06650299999999999
Gene31	Gene28	0.066476
Gene34	Gene2	0.066463
Gene29	Gene43	0.066263
Gene9	Gene44	0.066207
Gene3	Gene17	0.06614199999999999
Gene40	Gene43	0.066131
Gene34	Gene12	0.066107
Gene19	Gene25	0.066078
Gene31	Gene8	0.06606000000000001
Gene20	Gene48	0.066054
Gene15	Gene15	0.066051
Gene14	Gene24	0.065966
Gene38	Gene10	0.065961
Gene43	Gene48	0.065911
Gene34	Gene48	0.06586900000000001
Gene37	Gene36	0.065845
Gene14	Gene9	0.065818
Gene44	Gene13	0.065778
Gene39	Gene20	0.065759
Gene11	Gene3	0.06575800000000001
Gene11	Gene39	0.065706
Gene0	Gene24	0.06568
Gene20	Gene44	0.065649
Gene13	Gene48	0.06558
Gene49	Gene48	0.065524
Gene1	Gene17	0.06552000000000001
Gene15	Gene6	0.065482
Gene0	Gene32	0.06548
Gene49	Gene46	0.06541
Gene8	Gene12	0.06539400000000001
Gene9	Gene48	0.06539400000000001
Gene13	Gene12	0.065321
Gene4	Gene37	0.065298
Gene47	Gene13	0.065296
Gene20	Gene12	0.065278
Gene31	Gene49	0.065227
Gene28	Gene1	0.06515399999999999
Gene15	Gene48	0.065105
Gene8	Gene36	0.065088
Gene42	Gene1	0.064941
Gene42	Gene40	0.064901
Gene29	Gene6	0.064843
Gene35	Gene11	0.064809
Gene41	Gene10	0.06468
Gene47	Gene39	0.064562
Gene24	Gene44	0.064538
Gene13	Gene13	0.06451
Gene0	Gene48	0.064478
Gene14	Gene15	0.064457
Gene14	Gene43	0.064444
Gene10	Gene3	0.064411
Gene9	Gene6	0.064377
Gene24	Gene13	0.064263
Gene24	Gene0	0.064242
Gene11	Gene24	0.064235
Gene33	Gene9	0.064174
Gene3	Gene9	0.064137
Gene3	Gene30	0.064127
Gene33	Gene0	0.064112
Gene41	Gene39	0.06404
Gene48	Gene23	0.063861
Gene33	Gene15	0.063855
Gene3	Gene6	0.06377100000000001
Gene18	Gene31	0.063762
Gene37	Gene7	0.06375900000000001
Gene1	Gene0	0.063683
Gene26	Gene16	0.063682
Gene33	Gene20	0.06364299999999999
Gene44	Gene12	0.063618
Gene42	Gene49	0.06354299999999999
Gene14	Gene12	0.06349400000000001
Gene7	Gene9	0.063465
Gene12	Gene8	0.063443
Gene22	Gene40	0.063413
Gene35	Gene24	0.06335
Gene39	Gene37	0.063311
Gene46	Gene6	0.063149
Gene33	Gene41	0.063148
Gene1	Gene12	0.06312899999999999
Gene3	Gene15	0.063101
Gene42	Gene4	0.063041
Gene33	Gene31	0.06299099999999999
Gene8	Gene16	0.062987
Gene6	Gene39	0.062928
Gene27	Gene24	0.06287999999999999
Gene5	Gene6	0.062845
Gene39	Gene39	0.0628
Gene8	Gene15	0.062798
Gene42	Gene21	0.062763
Gene1	Gene9	0.06264
Gene33	Gene32	0.062572
Gene47	Gene47	0.062571
Gene14	Gene6	0.062496
Gene47	Gene31	0.062426999999999996
Gene19	Gene5	0.062375
Gene43	Gene10	0.06237
Gene2	Gene46	0.062357
Gene6	Gene44	0.062258
Gene33	Gene10	0.062220000000000004
Gene41	Gene14	0.062219000000000003
Gene16	Gene12	0.062176999999999996
Gene12	Gene6	0.062161
Gene34	Gene16	0.062157000000000004
Gene30	Gene2	0.062098
Gene22	Gene32	0.062088
Gene27	Gene21	0.062025
Gene1	Gene7	0.062001
Gene31	Gene23	0.06196
Gene43	Gene7	0.061905999999999996
Gene6	Gene16	0.061887
Gene37	Gene24	0.061877999999999996
Gene10	Gene1	0.061852
Gene15	Gene1	0.061831
Gene23	Gene4	0.06166
Gene0	Gene34	0.061635
Gene31	Gene30	0.061627
Gene1	Gene28	0.061475
Gene0	Gene15	0.061360000000000005
Gene6	Gene24	0.061318
Gene38	Gene37	0.061296
Gene2	Gene28	0.061177999999999996
Gene0	Gene29	0.061163999999999996
Gene30	Gene23	0.061103
Gene12	Gene24	0.061061000000000004
Gene1	Gene21	0.061058
Gene43	Gene6	0.061035
Gene31	Gene0	0.060974
Gene5	Gene36	0.060943
Gene39	Gene34	0.060890999999999994
Gene11	Gene37	0.06086799999999999
Gene0	Gene9	0.060805
Gene9	Gene12	0.06079299999999999
Gene40	Gene19	0.060779
Gene1	Gene36	0.060777
Gene45	Gene44	0.060707000000000004
Gene4	Gene8	0.060698
Gene1	Gene33	0.06066799999999999
Gene49	Gene13	0.060525
Gene40	Gene32	0.060497
Gene36	Gene8	0.060453
Gene26	Gene7	0.060437
Gene41	Gene48	0.06034400000000001
Gene8	Gene43	0.060312
Gene35	Gene43	0.060288999999999995
Gene2	Gene8	0.060243
Gene36	Gene36	0.060146000000000005
Gene48	Gene8	0.06014
Gene0	Gene14	0.060135
Gene21	Gene48	0.060071000000000006
Gene6	Gene0	0.060063
Gene4	Gene35	0.06006
Gene49	Gene44	0.059966
Gene5	Gene13	0.059891999999999994
Gene46	Gene44	0.059878999999999995
Gene43	Gene25	0.059878
Gene0	Gene1	0.059876
Gene35	Gene34	0.059860000000000003
Gene2	Gene12	0.059811
Gene40	Gene46	0.05979299999999999
Gene37	Gene44	0.059784000000000004
Gene4	Gene48	0.059628999999999995
Gene0	Gene16	0.059622
Gene11	Gene21	0.05960700000000001
Gene7	Gene24	0.059588999999999996
Gene33	Gene2	0.059583000000000004
Gene3	Gene7	0.059483
Gene47	Gene15	0.059479
Gene43	Gene44	0.059449
Gene31	Gene2	0.059413
Gene17	Gene13	0.059324
Gene14	Gene36	0.059208000000000004
Gene20	Gene16	0.059203
Gene24	Gene2	0.059163
Gene0	Gene41	0.05910700000000001
Gene20	Gene0	0.058990999999999995
Gene29	Gene15	0.058878999999999994
Gene33	Gene37	0.05885
Gene0	Gene10	0.058757000000000004
Gene25	Gene23	0.05872
Gene13	Gene9	0.05872
Gene43	Gene37	0.058675
Gene5	Gene42	0.058630999999999996
Gene39	Gene47	0.058601
Gene12	Gene47	0.058564
Gene15	Gene8	0.058504999999999995
Gene33	Gene48	0.058464999999999996
Gene7	Gene6	0.058414999999999995
Gene0	Gene11	0.058414999999999995
Gene36	Gene2	0.058375
Gene33	Gene5	0.058351
Gene47	Gene8	0.058240999999999994
Gene48	Gene6	0.058113
Gene7	Gene44	0.058109
Gene48	Gene14	0.05809500000000001
Gene21	Gene25	0.05807999999999999
Gene36	Gene48	0.058079
Gene31	Gene14	0.058053999999999994
Gene24	Gene7	0.058001
Gene34	Gene37	0.057958
Gene47	Gene4	0.057901999999999995
Gene26	Gene18	0.057838
Gene22	Gene29	0.05782
Gene9	Gene0	0.057774
Gene35	Gene4	0.057758000000000004
Gene12	Gene12	0.057741999999999995
Gene11	Gene17	0.057686
Gene6	Gene7	0.057670000000000006
Gene1	Gene15	0.057616999999999995
Gene0	Gene43	0.057615999999999994
Gene27	Gene46	0.057602
Gene42	Gene10	0.057562
Gene35	Gene41	0.057420000000000006
Gene38	Gene47	0.057370000000000004
Gene48	Gene46	0.057302
Gene40	Gene16	0.05729
Gene40	Gene31	0.057277999999999996
Gene11	Gene35	0.057275
Gene29	Gene44	0.057252
Gene25	Gene14	0.057196000000000004
Gene45	Gene20	0.057184000000000006
Gene34	Gene6	0.057145
Gene17	Gene24	0.057137
Gene7	Gene30	0.057124
Gene47	Gene2	0.057085000000000004
Gene3	Gene44	0.057071000000000004
Gene35	Gene47	0.057008
Gene33	Gene1	0.056992999999999995
Gene4	Gene44	0.056899
Gene15	Gene29	0.056899
Gene37	Gene39	0.056848
Gene27	Gene42	0.056826
Gene3	Gene24	0.056777
Gene3	Gene13	0.056764
Gene12	Gene39	0.056727
Gene22	Gene15	0.056696
Gene5	Gene46	0.05665
Gene46	Gene41	0.056594000000000005
Gene43	Gene47	0.056459
Gene44	Gene15	0.056445
Gene48	Gene2	0.056403999999999996
Gene47	Gene37	0.056399
Gene35	Gene5	0.056378
Gene4	Gene40	0.056313
Gene0	Gene8	0.056295000000000005
Gene44	Gene24	0.056183000000000004
Gene12	Gene16	0.056111
Gene6	Gene6	0.05604
Gene14	Gene44	0.05597100000000001
Gene46	Gene31	0.055965
Gene31	Gene9	0.05591
Gene35	Gene48	0.055899000000000004
Gene39	Gene48	0.055898
Gene3	Gene0	0.055854999999999995
Gene46	Gene39	0.055834
Gene39	Gene2	0.055815
Gene45	Gene10	0.055773
Gene5	Gene43	0.05574400000000001
Gene15	Gene0	0.0557
Gene29	Gene0	0.055665
Gene30	Gene14	0.055594000000000005
Gene4	Gene15	0.055501
Gene49	Gene37	0.055386000000000005
Gene5	Gene11	0.055386000000000005
Gene43	Gene39	0.055346000000000006
Gene38	Gene29	0.055345000000000005
Gene40	Gene15	0.055308
Gene4	Gene12	0.055282000000000005
Gene38	Gene49	0.05527000000000001
Gene3	Gene8	0.055219000000000004
Gene40	Gene20	0.055126
Gene30	Gene22	0.055023
Gene38	Gene16	0.054961
Gene39	Gene28	0.054923
Gene30	Gene10	0.054849
Gene47	Gene24	0.054811
Gene16	Gene8	0.054809000000000004
Gene33	Gene11	0.054789
Gene46	Gene9	0.054765999999999995
Gene30	Gene9	0.054664
Gene38	Gene12	0.054662999999999996
Gene22	Gene47	0.054648
Gene2	Gene4	0.054361
Gene49	Gene24	0.054319000000000006
Gene11	Gene16	0.05411900000000001
Gene11	Gene23	0.054011
Gene19	Gene10	0.053973
Gene26	Gene34	0.053959
Gene15	Gene33	0.05385499999999999
Gene17	Gene11	0.053789
Gene11	Gene7	0.05366900000000001
Gene19	Gene21	0.053477
Gene32	Gene46	0.053439999999999994
Gene7	Gene13	0.053438
Gene15	Gene40	0.053187
Gene11	Gene1	0.053173000000000005
Gene42	Gene33	0.053171
Gene43	Gene18	0.053119000000000006
Gene39	Gene44	0.053051999999999995
Gene39	Gene8	0.053036
Gene22	Gene6	0.052976999999999996
Gene10	Gene39	0.052966
Gene28	Gene14	0.052937
Gene41	Gene12	0.052889
Gene10	Gene41	0.052766999999999994
Gene15	Gene32	0.05276599999999999
Gene19	Gene45	0.052752
Gene33	Gene24	0.052724
Gene2	Gene6	0.052716
Gene9	Gene9	0.052708000000000005
Gene8	Gene8	0.052623
Gene29	Gene8	0.052611
Gene33	Gene7	0.052611
Gene45	Gene24	0.052552999999999996
Gene48	Gene24	0.052453999999999994
Gene33	Gene21	0.052239
Gene47	Gene11	0.052115999999999996
Gene26	Gene25	0.052088
Gene2	Gene33	0.051999000000000004
Gene41	Gene36	0.051951
Gene44	Gene44	0.051938
Gene33	Gene22	0.051891999999999994
Gene21	Gene6	0.051777
Gene5	Gene10	0.051752
Gene38	Gene39	0.051722000000000004
Gene14	Gene37	0.051682000000000006
Gene22	Gene44	0.051653
Gene39	Gene0	0.051570000000000005
Gene24	Gene15	0.05154299999999999
Gene15	Gene37	0.051537
Gene47	Gene6	0.051516
Gene10	Gene25	0.051424
Gene23	Gene21	0.051375
Gene17	Gene12	0.051338
Gene9	Gene24	0.051302
Gene15	Gene34	0.051263
Gene29	Gene18	0.051262
Gene42	Gene15	0.05125
Gene47	Gene14	0.051245000000000006
Gene35	Gene40	0.051217
Gene35	Gene7	0.051192
Gene48	Gene36	0.05119
Gene11	Gene42	0.051129
Gene22	Gene13	0.051117
Gene15	Gene36	0.051095999999999996
Gene33	Gene44	0.051085000000000005
Gene10	Gene44	0.051082
Gene40	Gene13	0.051061
Gene15	Gene12	0.051026
Gene23	Gene47	0.050996
Gene10	Gene15	0.050992
Gene21	Gene18	0.050855000000000004
Gene18	Gene35	0.050836
Gene39	Gene11	0.050812
Gene13	Gene37	0.050776
Gene23	Gene13	0.050762
Gene30	Gene13	0.050696
Gene11	Gene8	0.050672
Gene21	Gene44	0.050669
Gene44	Gene36	0.050664
Gene15	Gene47	0.050598000000000004
Gene11	Gene47	0.050591000000000004
Gene17	Gene9	0.050383
Gene4	Gene28	0.050363
Gene35	Gene42	0.050296
Gene18	Gene28	0.050261
Gene33	Gene36	0.050196
Gene40	Gene21	0.050125
Gene49	Gene9	0.050053
Gene17	Gene49	0.050029000000000004
Gene26	Gene0	0.049977999999999995
Gene49	Gene6	0.049957999999999995
Gene42	Gene36	0.049805
Gene32	Gene36	0.049772000000000004
Gene15	Gene31	0.049763
Gene42	Gene32	0.04964
Gene30	Gene48	0.049608
Gene27	Gene3	0.049589
Gene38	Gene40	0.04958
Gene15	Gene23	0.049483
Gene5	Gene4	0.049469
Gene15	Gene28	0.049293000000000003
Gene19	Gene23	0.049158999999999994
Gene6	Gene8	0.049119
Gene40	Gene24	0.048977
Gene15	Gene35	0.048958
Gene18	Gene3	0.048952999999999997
Gene25	Gene2	0.04895
Gene44	Gene6	0.048945999999999996
Gene15	Gene5	0.048833
Gene12	Gene7	0.048759
Gene11	Gene0	0.048708
Gene11	Gene32	0.0486
Gene48	Gene7	0.048585
Gene3	Gene26	0.048511
Gene35	Gene33	0.048369
Gene11	Gene15	0.048225
Gene47	Gene30	0.048174
Gene26	Gene24	0.048123
Gene11	Gene31	0.048063999999999996
Gene5	Gene15	0.047966
Gene19	Gene39	0.047951
Gene41	Gene6	0.047726
Gene15	Gene2	0.047659
Gene42	Gene19	0.047611
Gene35	Gene25	0.047597
Gene40	Gene39	0.047573000000000004
Gene19	Gene29	0.047542
Gene38	Gene17	0.047527
Gene15	Gene7	0.047343
Gene46	Gene16	0.047337
Gene5	Gene2	0.047325
Gene35	Gene13	0.047300999999999996
Gene38	Gene23	0.047237
Gene15	Gene38	0.047225
Gene41	Gene9	0.046999
Gene35	Gene29	0.046967
Gene5	Gene35	0.046966
Gene2	Gene49	0.046939
Gene23	Gene9	0.04682
Gene11	Gene40	0.046766
Gene6	Gene15	0.046758999999999995
Gene2	Gene47	0.046594
Gene20	Gene39	0.046576
Gene40	Gene47	0.046557999999999995
Gene2	Gene39	0.046516
Gene47	Gene33	0.046514
Gene36	Gene43	0.046472
Gene40	Gene1	0.046405
Gene17	Gene36	0.046346
Gene18	Gene20	0.046279
Gene15	Gene18	0.046267
Gene16	Gene47	0.046228
Gene27	Gene18	0.046222000000000006
Gene27	Gene44	0.046095
Gene15	Gene43	0.045945
Gene15	Gene42	0.045912
Gene11	Gene9	0.045879
Gene25	Gene36	0.045701
Gene2	Gene44	0.045509
Gene35	Gene1	0.045449
Gene25	Gene6	0.045157
Gene35	Gene39	0.04505
Gene11	Gene10	0.045013
Gene19	Gene0	0.045004
Gene13	Gene15	0.045
Gene21	Gene32	0.044995
Gene32	Gene27	0.044913
Gene45	Gene28	0.044736
Gene26	Gene42	0.044586
Gene11	Gene13	0.044502
Gene30	Gene44	0.04444
Gene29	Gene37	0.044412
Gene12	Gene43	0.044355
Gene21	Gene31	0.044174
Gene11	Gene34	0.044174
Gene28	Gene10	0.044169
Gene11	Gene44	0.044149
Gene40	Gene38	0.044083
Gene38	Gene48	0.043956
Gene28	Gene44	0.04383
Gene45	Gene43	0.043501
Gene26	Gene14	0.043437
Gene18	Gene42	0.043263
Gene24	Gene39	0.043255
Gene38	Gene42	0.043254
Gene4	Gene31	0.043179
Gene44	Gene37	0.043175
Gene45	Gene40	0.043163
Gene26	Gene5	0.043003
Gene24	Gene6	0.042923
Gene11	Gene6	0.042922
Gene11	Gene4	0.042857
Gene35	Gene28	0.042789
Gene27	Gene2	0.042737
Gene11	Gene11	0.042709
Gene8	Gene18	0.042651999999999995
Gene25	Gene24	0.042647000000000004
Gene11	Gene36	0.04263
Gene28	Gene13	0.042579
Gene40	Gene33	0.042567
Gene4	Gene45	0.042557
Gene20	Gene18	0.042505
Gene40	Gene2	0.042499
Gene11	Gene41	0.042491
Gene39	Gene18	0.042482
Gene35	Gene21	0.042477
Gene9	Gene15	0.042359
Gene47	Gene43	0.042299
Gene26	Gene9	0.042175
Gene11	Gene33	0.042112000000000004
Gene36	Gene47	0.042059
Gene1	Gene47	0.041916
Gene11	Gene46	0.04191
Gene26	Gene2	0.041905
Gene40	Gene11	0.041877
Gene35	Gene8	0.041831
Gene23	Gene18	0.04175
Gene4	Gene25	0.041707
Gene40	Gene28	0.041688
Gene49	Gene8	0.041479
Gene41	Gene24	0.041385000000000005
Gene17	Gene26	0.041355
Gene18	Gene4	0.041344
Gene49	Gene47	0.041321
Gene34	Gene8	0.041144
Gene18	Gene5	0.041132
Gene35	Gene46	0.041063999999999996
Gene37	Gene38	0.040964
Gene9	Gene16	0.040963
Gene26	Gene10	0.04093
Gene11	Gene43	0.04092
Gene25	Gene48	0.040892000000000005
Gene26	Gene35	0.040773000000000004
Gene35	Gene49	0.040753
Gene36	Gene26	0.040734
Gene16	Gene18	0.040681
Gene49	Gene16	0.04065
Gene26	Gene44	0.040632
Gene18	Gene12	0.040526
Gene41	Gene44	0.040478
Gene7	Gene19	0.040468000000000004
Gene35	Gene14	0.040268
Gene40	Gene18	0.040218000000000004
Gene25	Gene0	0.040184
Gene26	Gene3	0.040126999999999996
Gene45	Gene15	0.040067
Gene42	Gene11	0.039958999999999995
Gene46	Gene14	0.039923
Gene4	Gene42	0.039886000000000005
Gene12	Gene19	0.039852
Gene27	Gene48	0.039762
Gene46	Gene13	0.039669
Gene42	Gene44	0.039449
Gene46	Gene37	0.039336
Gene45	Gene1	0.0393
Gene42	Gene48	0.039133
Gene35	Gene44	0.038991000000000005
Gene27	Gene40	0.038768000000000004
Gene18	Gene11	0.038641
Gene21	Gene42	0.038606
Gene15	Gene45	0.0385
Gene38	Gene30	0.038305
Gene13	Gene45	0.038289
Gene19	Gene26	0.0382
Gene27	Gene20	0.038105
Gene35	Gene15	0.038083
Gene19	Gene37	0.038071
Gene24	Gene38	0.038036
Gene4	Gene10	0.03803
Gene4	Gene9	0.037963
Gene26	Gene46	0.037849
Gene40	Gene35	0.037630000000000004
Gene17	Gene18	0.037616000000000004
Gene10	Gene16	0.037401
Gene30	Gene8	0.037304000000000004
Gene19	Gene9	0.037241
Gene47	Gene18	0.037199
Gene40	Gene42	0.037114
Gene7	Gene18	0.036910000000000005
Gene9	Gene38	0.036864
Gene19	Gene32	0.036758
Gene18	Gene30	0.036742000000000004
Gene45	Gene9	0.036632
Gene45	Gene8	0.036596
Gene38	Gene33	0.036489
Gene27	Gene35	0.036295999999999995
Gene26	Gene40	0.035910000000000004
Gene26	Gene26	0.035906
Gene8	Gene39	0.035822
Gene21	Gene43	0.035394999999999996
Gene45	Gene21	0.035338999999999995
Gene31	Gene13	0.035308
Gene19	Gene24	0.035299000000000004
Gene1	Gene39	0.035291
Gene29	Gene7	0.035278
Gene48	Gene15	0.035206
Gene4	Gene30	0.035105000000000004
Gene40	Gene27	0.034865
Gene4	Gene0	0.03477
Gene19	Gene40	0.034723000000000004
Gene27	Gene11	0.034483
Gene38	Gene27	0.034367
Gene10	Gene2	0.034232
Gene23	Gene8	0.034214
Gene21	Gene37	0.034005
Gene35	Gene27	0.03398
Gene45	Gene4	0.033879
Gene14	Gene18	0.033738
Gene29	Gene45	0.033655000000000004
Gene21	Gene4	0.033489
Gene11	Gene18	0.032794
Gene45	Gene7	0.032488
Gene45	Gene49	0.032452999999999996
Gene38	Gene43	0.032404
Gene34	Gene39	0.032269
Gene44	Gene7	0.032264999999999995
Gene40	Gene14	0.032199
Gene27	Gene8	0.032057999999999996
Gene32	Gene18	0.032045
Gene16	Gene45	0.03178
Gene28	Gene0	0.03177
Gene27	Gene1	0.03177
Gene18	Gene34	0.03146
Gene26	Gene37	0.031436
Gene1	Gene18	0.03138
Gene40	Gene44	0.031279
Gene40	Gene49	0.031204000000000003
Gene45	Gene16	0.030826999999999997
Gene32	Gene26	0.030826
Gene19	Gene42	0.030807
Gene48	Gene37	0.030743
Gene4	Gene23	0.030551
Gene18	Gene21	0.030541000000000002
Gene40	Gene37	0.030462
Gene4	Gene33	0.030445
Gene4	Gene20	0.030285000000000003
Gene38	Gene22	0.030275999999999997
Gene4	Gene34	0.030014999999999997
Gene8	Gene47	0.029976999999999997
Gene32	Gene37	0.029927999999999996
Gene10	Gene36	0.029907999999999997
Gene19	Gene22	0.029795
Gene45	Gene31	0.029700999999999998
Gene30	Gene24	0.029695999999999997
Gene40	Gene6	0.029624
Gene38	Gene20	0.029226
Gene4	Gene36	0.029194
Gene28	Gene48	0.029075
Gene4	Gene7	0.028937
Gene28	Gene12	0.028785
Gene38	Gene28	0.028727999999999997
Gene30	Gene37	0.028506
Gene4	Gene2	0.028401999999999997
Gene18	Gene48	0.028357999999999998
Gene40	Gene26	0.028294
Gene19	Gene30	0.028275
Gene18	Gene22	0.028223
Gene13	Gene47	0.0282
Gene4	Gene3	0.028183
Gene10	Gene48	0.028033
Gene41	Gene7	0.028016000000000003
Gene19	Gene41	0.027683999999999997
Gene20	Gene38	0.027506
Gene25	Gene44	0.027425
Gene19	Gene16	0.027339
Gene27	Gene14	0.027238
Gene26	Gene47	0.027204000000000002
Gene27	Gene6	0.027181999999999998
Gene45	Gene2	0.026875
Gene27	Gene31	0.026841000000000004
Gene18	Gene9	0.026598
Gene4	Gene46	0.026548000000000002
Gene21	Gene19	0.026491000000000004
Gene38	Gene31	0.026327
Gene42	Gene0	0.026277
Gene9	Gene47	0.026170999999999996
Gene45	Gene32	0.026097000000000002
Gene4	Gene27	0.026093
Gene42	Gene34	0.025945999999999997
Gene27	Gene37	0.025822
Gene27	Gene0	0.025718
Gene38	Gene5	0.02554
Gene42	Gene45	0.025529
Gene10	Gene0	0.025335
Gene27	Gene29	0.025214
Gene26	Gene39	0.025172999999999997
Gene8	Gene27	0.025146
Gene4	Gene19	0.02487
Gene27	Gene7	0.024847
Gene20	Gene43	0.024738999999999997
Gene21	Gene16	0.024468
Gene32	Gene0	0.02435
Gene27	Gene25	0.024285
Gene27	Gene12	0.024262
Gene42	Gene26	0.024208
Gene27	Gene45	0.02411
Gene18	Gene1	0.024
Gene12	Gene45	0.023978
Gene21	Gene15	0.023832
Gene22	Gene8	0.023607
Gene42	Gene43	0.023591
Gene30	Gene12	0.02352
Gene26	Gene8	0.023469
Gene21	Gene5	0.023364
Gene32	Gene9	0.023223
Gene0	Gene18	0.022681
Gene42	Gene46	0.022647
Gene0	Gene27	0.022271
Gene6	Gene43	0.022093
Gene7	Gene38	0.022063
Gene26	Gene30	0.022027
Gene43	Gene43	0.021925
Gene42	Gene41	0.021858000000000002
Gene26	Gene48	0.021809000000000002
Gene18	Gene7	0.021800999999999997
Gene18	Gene18	0.021752
Gene21	Gene45	0.021443
Gene30	Gene47	0.021414
Gene38	Gene41	0.02141
Gene31	Gene36	0.021082
Gene12	Gene38	0.020938
Gene42	Gene22	0.020902
Gene35	Gene19	0.020672
Gene5	Gene26	0.020571000000000002
Gene18	Gene44	0.020465
Gene25	Gene7	0.020459
Gene37	Gene18	0.020355
Gene45	Gene38	0.020113
Gene5	Gene38	0.020027
Gene38	Gene15	0.019989
Gene38	Gene24	0.019923
Gene19	Gene48	0.019837
Gene26	Gene6	0.019766
Gene31	Gene37	0.019736
Gene44	Gene27	0.019696
Gene11	Gene19	0.019549
Gene19	Gene3	0.019482
Gene26	Gene38	0.018936
Gene45	Gene48	0.018853
Gene19	Gene8	0.01881
Gene18	Gene46	0.018758
Gene8	Gene26	0.018699
Gene8	Gene38	0.018675999999999998
Gene10	Gene7	0.018508
Gene18	Gene6	0.018496000000000002
Gene45	Gene0	0.018484
Gene19	Gene13	0.01845
Gene42	Gene2	0.018437000000000002
Gene9	Gene18	0.018436
Gene46	Gene24	0.018413
Gene19	Gene15	0.018411
Gene18	Gene45	0.018338
Gene45	Gene23	0.018325
Gene38	Gene34	0.018212
Gene9	Gene8	0.017993000000000002
Gene18	Gene24	0.017740000000000002
Gene18	Gene2	0.017618
Gene21	Gene40	0.017466
Gene39	Gene43	0.017289
Gene25	Gene37	0.017259
Gene45	Gene34	0.017248
Gene45	Gene29	0.017097
Gene27	Gene38	0.017043
Gene26	Gene11	0.017037
Gene16	Gene39	0.016914
Gene45	Gene27	0.016877
Gene38	Gene46	0.01685
Gene26	Gene27	0.016731
Gene26	Gene15	0.016717
Gene1	Gene43	0.016687
Gene26	Gene4	0.016673
Gene18	Gene33	0.016618
Gene26	Gene17	0.016551
Gene18	Gene29	0.016548
Gene45	Gene30	0.016464
Gene38	Gene11	0.016415
Gene18	Gene16	0.016363
Gene38	Gene18	0.016293000000000002
Gene45	Gene26	0.016135
Gene38	Gene36	0.016062
Gene16	Gene43	0.016044
Gene45	Gene37	0.015868
Gene19	Gene31	0.015843
Gene18	Gene23	0.015785
Gene10	Gene24	0.015650999999999998
Gene45	Gene36	0.015635
Gene26	Gene45	0.015605
Gene13	Gene18	0.015483000000000002
Gene38	Gene26	0.015350999999999998
Gene45	Gene41	0.015316
Gene38	Gene45	0.015236000000000001
Gene19	Gene46	0.015099000000000001
Gene46	Gene12	0.015006
Gene19	Gene36	0.015005000000000001
Gene21	Gene26	0.014980000000000002
Gene38	Gene19	0.014853
Gene19	Gene4	0.014773
Gene13	Gene39	0.014730000000000002
Gene18	Gene47	0.014691
Gene26	Gene23	0.014662999999999999
Gene45	Gene46	0.014644999999999998
Gene26	Gene21	0.014609
Gene21	Gene23	0.014516
Gene19	Gene44	0.014398
Gene19	Gene12	0.014265
Gene42	Gene9	0.014186
Gene45	Gene6	0.014106
Gene5	Gene18	0.014091
Gene31	Gene12	0.014088999999999999
Gene19	Gene18	0.013891999999999998
Gene26	Gene12	0.013890000000000001
Gene26	Gene1	0.013779
Gene18	Gene43	0.013778
Gene42	Gene12	0.01375
Gene31	Gene6	0.013747
Gene45	Gene13	0.013747
Gene42	Gene35	0.013623
Gene18	Gene38	0.013503999999999999
Gene45	Gene18	0.013493000000000002
Gene45	Gene22	0.01347
Gene45	Gene11	0.013465999999999999
Gene46	Gene15	0.01345
Gene20	Gene19	0.013397999999999998
Gene36	Gene38	0.013391
Gene21	Gene22	0.013378999999999999
Gene10	Gene12	0.013319999999999999
Gene18	Gene40	0.013162
Gene21	Gene7	0.013093
Gene18	Gene36	0.013052000000000001
Gene0	Gene45	0.013025
Gene45	Gene19	0.012975
Gene18	Gene25	0.012957
Gene28	Gene24	0.012806999999999999
Gene18	Gene13	0.012797
Gene21	Gene9	0.012742
Gene18	Gene41	0.012679000000000001
Gene18	Gene26	0.01264
Gene19	Gene7	0.012490000000000001
Gene19	Gene47	0.012381
Gene19	Gene34	0.012221
Gene26	Gene32	0.012189
Gene18	Gene0	0.012131
Gene19	Gene11	0.0121
Gene21	Gene13	0.012095
Gene18	Gene8	0.011996
Gene21	Gene27	0.011942
Gene18	Gene37	0.011937999999999999
Gene26	Gene49	0.01158
Gene19	Gene35	0.011568
Gene26	Gene20	0.011487
Gene26	Gene43	0.011453
Gene29	Gene19	0.011452
Gene19	Gene20	0.011392
Gene21	Gene36	0.011382
Gene10	Gene37	0.011356
Gene19	Gene2	0.011337999999999999
Gene32	Gene7	0.011178
Gene19	Gene6	0.011087999999999999
Gene18	Gene19	0.011005
Gene49	Gene39	0.010790000000000001
Gene42	Gene24	0.010778
Gene21	Gene28	0.010775
Gene28	Gene15	0.010347
Gene21	Gene33	0.010312
Gene27	Gene26	0.010309
Gene42	Gene14	0.010259
Gene26	Gene19	0.010171
Gene19	Gene38	0.010169
Gene28	Gene8	0.009641
Gene33	Gene19	0.009381
Gene12	Gene18	0.009004
Gene21	Gene30	0.008819
Gene21	Gene3	0.008805
Gene39	Gene45	0.008794
Gene10	Gene6	0.008735
Gene21	Gene0	0.008516
Gene21	Gene10	0.00848
Gene21	Gene21	0.00842
Gene21	Gene17	0.008378
Gene21	Gene20	0.008361
Gene21	Gene24	0.008029000000000001
Gene21	Gene46	0.008003
Gene21	Gene41	0.007967
Gene21	Gene14	0.007877
Gene42	Gene42	0.007792
Gene21	Gene11	0.007792
Gene21	Gene8	0.007735
Gene21	Gene38	0.007301
Gene14	Gene27	0.007165
Gene28	Gene6	0.007016
Gene37	Gene27	0.006717
Gene42	Gene20	0.00579
Gene42	Gene37	0.005362
Gene39	Gene26	0.005161
Gene1	Gene45	0.005034
Gene32	Gene15	0.004546
Gene30	Gene15	0.0042710000000000005
Gene37	Gene19	0.0040490000000000005
Gene14	Gene38	0.004034
Gene27	Gene27	0.003761
Gene42	Gene29	0.003639
Gene42	Gene25	0.003624
Gene32	Gene39	0.003513
Gene35	Gene38	0.003489
Gene10	Gene38	0.003462
Gene6	Gene27	0.0033950000000000004
Gene47	Gene38	0.00313
Gene10	Gene47	0.003002
Gene3	Gene45	0.002771
Gene42	Gene7	0.002744
Gene32	Gene47	0.002659
Gene31	Gene39	0.00247
Gene42	Gene38	0.002328
Gene42	Gene23	0.0020859999999999997
Gene49	Gene43	0.002054
Gene23	Gene45	0.0019
Gene42	Gene13	0.0018260000000000001
Gene46	Gene47	0.001743
Gene42	Gene6	0.001596
Gene10	Gene43	0.001323
Gene6	Gene45	0.001207
Gene11	Gene26	0.001053
Gene33	Gene45	0.0009
Gene41	Gene8	0.000798
Gene47	Gene26	0.000663
Gene41	Gene43	0.00066
Gene3	Gene38	0.000563
Gene2	Gene45	0.000453
Gene48	Gene27	0.000373
Gene44	Gene26	0.000368
Gene49	Gene27	0.00025499999999999996
Gene44	Gene45	0.000244
Gene6	Gene38	0.000236
Gene4	Gene38	0.000233
Gene10	Gene8	0.000221
Gene24	Gene18	0.000188
Gene24	Gene27	0.000175
Gene3	Gene19	0.00016
Gene32	Gene43	0.000153
Gene4	Gene26	0.000152
Gene5	Gene19	0.00011
Gene38	Gene38	8.8e-05
Gene17	Gene19	7.3e-05
Gene46	Gene8	7e-05
Gene20	Gene27	6.9e-05
Gene1	Gene27	6.3e-05
Gene32	Gene8	5.6999999999999996e-05
Gene33	Gene26	3.1e-05
Gene47	Gene27	1.1e-05
Gene47	Gene19	7.000000000000001e-06
Gene13	Gene26	6e-06
Gene15	Gene26	6e-06
Gene5	Gene45	4e-06
Gene11	Gene45	3e-06
Gene49	Gene18	2e-06
Gene36	Gene19	2e-06
Gene2	Gene19	1e-06
Gene13	Gene19	1e-06
Gene36	Gene27	1e-06
Gene6	Gene19	1e-06
Gene10	Gene27	0.0
Gene43	Gene26	0.0
Gene40	Gene48	0.0
Gene32	Gene38	0.0
Gene45	Gene12	0.0
Gene31	Gene38	0.0
Gene30	Gene38	0.0
Gene33	Gene8	0.0
Gene24	Gene33	0.0
Gene11	Gene49	0.0
Gene5	Gene27	0.0
Gene47	Gene17	0.0
Gene10	Gene18	0.0
Gene4	Gene24	0.0
Gene35	Gene37	0.0
Gene16	Gene7	0.0
Gene6	Gene18	0.0
Gene17	Gene4	0.0
Gene47	Gene29	0.0
Gene20	Gene34	0.0
Gene33	Gene49	0.0
Gene7	Gene43	0.0
Gene27	Gene5	0.0
Gene1	Gene38	0.0
Gene40	Gene29	0.0
Gene46	Gene26	0.0
Gene21	Gene49	0.0
Gene19	Gene49	0.0
Gene23	Gene7	0.0
Gene13	Gene38	0.0
Gene25	Gene18	0.0
Gene16	Gene38	0.0
Gene42	Gene17	0.0
Gene40	Gene17	0.0
Gene18	Gene14	0.0
Gene5	Gene49	0.0
Gene39	Gene17	0.0
Gene26	Gene29	0.0
Gene27	Gene17	0.0
Gene33	Gene34	0.0
Gene16	Gene0	0.0
Gene33	Gene46	0.0
Gene46	Gene27	0.0
Gene47	Gene20	0.0
Gene30	Gene45	0.0
Gene31	Gene45	0.0
Gene20	Gene26	0.0
Gene5	Gene12	0.0
Gene43	Gene27	0.0
Gene4	Gene17	0.0
Gene28	Gene19	0.0
Gene34	Gene26	0.0
Gene2	Gene20	0.0
Gene41	Gene45	0.0
Gene41	Gene27	0.0
Gene7	Gene16	0.0
Gene48	Gene19	0.0
Gene39	Gene38	0.0
Gene39	Gene27	0.0
Gene28	Gene26	0.0
Gene30	Gene26	0.0
Gene41	Gene19	0.0
Gene42	Gene5	0.0
Gene43	Gene0	0.0
Gene4	Gene6	0.0
Gene0	Gene35	0.0
Gene48	Gene45	0.0
Gene17	Gene46	0.0
Gene47	Gene5	0.0
Gene31	Gene26	0.0
Gene32	Gene19	0.0
Gene1	Gene11	0.0
Gene5	Gene47	0.0
Gene16	Gene26	0.0
Gene25	Gene19	0.0
Gene4	Gene5	0.0
Gene12	Gene27	0.0
Gene43	Gene38	0.0
Gene44	Gene38	0.0
Gene2	Gene29	0.0
Gene40	Gene36	0.0
Gene48	Gene38	0.0
Gene7	Gene23	0.0
Gene46	Gene33	0.0
Gene17	Gene39	0.0
Gene10	Gene19	0.0
Gene16	Gene27	0.0
Gene17	Gene27	0.0
Gene23	Gene28	0.0
Gene23	Gene39	0.0
Gene7	Gene46	0.0
Gene7	Gene45	0.0
Gene37	Gene26	0.0
Gene17	Gene45	0.0
Gene23	Gene32	0.0
Gene3	Gene12	0.0
Gene23	Gene12	0.0
Gene22	Gene19	0.0
Gene17	Gene40	0.0
Gene23	Gene6	0.0
Gene10	Gene26	0.0
Gene25	Gene45	0.0
Gene23	Gene19	0.0
Gene17	Gene47	0.0
Gene28	Gene45	0.0
Gene22	Gene20	0.0
